U+00FF0C	，	1331891
U+007684	的	1277063
U+003002	。	569978
U+005B66	学	372672
U+003001	、	332276
U+002022	•	317278
U+00548C	和	289334
U+004E2D	中	273833
U+005728	在	273324
U+004E3A	为	254682
U+00751F	生	228236
U+005BF9	对	219638
U+006587	文	204861
U+006027	性	200857
U+007406	理	198788
U+006709	有	198611
U+004E0E	与	196169
U+007528	用	193510
U+004E00	一	192070
U+004EBA	人	191962
U+005316	化	190268
U+005206	分	183185
U+00662F	是	180279
U+0053D1	发	173858
U+004EE5	以	172832
U+0080FD	能	172387
U+004E0D	不	163910
U+006570	数	163326
U+004E86	了	163121
U+004E8E	于	160025
U+004F5C	作	159609
U+00884C	行	156424
U+004E1A	业	153729
U+006559	教	152289
U+008FDB	进	146544
U+004F53	体	142916
U+006CD5	法	138017
U+0065B9	方	137691
U+0051FA	出	136506
U+008981	要	136004
U+007814	研	130385
U+005408	合	130026
U+005927	大	129769
U+005B9E	实	128935
U+0053EF	可	126807
U+0073B0	现	126419
U+008005	者	124946
U+005EA6	度	124148
U+005173	关	122155
U+00201C	“	121259
U+00201D	”	121186
U+0052A8	动	119332
U+009AD8	高	119111
U+0065F6	时	119027
U+007A76	究	117443
U+008FC7	过	116373
U+005C55	展	116012
U+006210	成	113168
U+0063D0	提	112067
U+007B49	等	110941
U+0056FD	国	110637
U+0065B0	新	110282
U+00529B	力	109555
U+0091CF	量	108543
U+004F1A	会	108474
U+007A0B	程	107500
U+005E94	应	106836
U+00540C	同	104548
U+004E2A	个	104349
U+00793E	社	102514
U+005176	其	101925
U+00901A	通	100710
U+004EA7	产	98348
U+005730	地	97844
U+005B9A	定	95453
U+00672C	本	95322
U+004E0A	上	93345
U+0025A1	□	93227
U+007ECF	经	92507
U+007CFB	系	91094
U+00FF1B	；	90284
U+008868	表	89623
U+009762	面	89616
U+0079D1	科	89167
U+00671F	期	87823
U+007ED3	结	87417
U+004E3B	主	86884
U+005236	制	86810
U+008FD9	这	85816
U+0091CD	重	85352
U+005E74	年	85047
U+0076F8	相	84949
U+005F0F	式	83906
U+00800C	而	83867
U+006548	效	83520
U+005DE5	工	83017
U+0053CA	及	82296
U+004E0B	下	80829
U+0081EA	自	80416
U+005E73	平	79504
U+00672F	术	79263
U+0056E0	因	78372
U+0080B2	育	77387
U+00591A	多	77337
U+0057FA	基	77252
U+00FF1A	：	76774
U+008BBE	设	76422
U+0077E5	知	76411
U+005230	到	75148
U+00636E	据	75004
U+007269	物	74878
U+006A21	模	74353
U+006765	来	74191
U+005FC3	心	73966
U+0095F4	间	72855
U+00578B	型	71437
U+006280	技	70841
U+006211	我	70078
U+007AE0	章	69925
U+009898	题	69524
U+005185	内	69133
U+005EFA	建	69076
U+008BA1	计	68435
U+006240	所	67780
U+004FE1	信	67754
U+0052A1	务	67235
U+004FDD	保	67184
U+00673A	机	67067
U+005165	入	67029
U+0052A0	加	65701
U+004EEC	们	65449
U+008BED	语	65054
U+008BBA	论	64234
U+008D28	质	64053
U+0089E3	解	64016
U+0066F4	更	63669
U+00540E	后	62651
U+0079CD	种	62591
U+007279	特	61393
U+004E4B	之	61309
U+007C7B	类	61146
U+007EDF	统	60755
U+0095EE	问	60726
U+006700	最	60627
U+002212	−	60513
U+0060C5	情	60420
U+007535	电	60254
U+006790	析	60238
U+00610F	意	60171
U+0056FE	图	59940
U+008D44	资	59509
U+007BA1	管	59311
U+005E76	并	58608
U+005F71	影	58511
U+006807	标	58316
U+0054C1	品	58292
U+005BFC	导	58069
U+006B64	此	57937
U+00679C	果	57787
U+005982	如	57632
U+00660E	明	56872
U+004E5F	也	56573
U+005F97	得	56556
U+005546	商	55781
U+0053D8	变	55749
U+004F7F	使	55719
U+005177	具	55713
U+004ECE	从	55473
U+006784	构	55354
U+006CBB	治	55232
U+005168	全	55223
U+006C34	水	54937
U+005B50	子	54662
U+0054CD	响	54281
U+00653F	政	54090
U+005229	利	53650
U+00533A	区	53417
U+00503C	值	52585
U+004EE3	代	52347
U+007D20	素	52166
U+0090E8	部	52129
U+005BB6	家	51940
U+008D39	费	51705
U+005F3A	强	51425
U+009700	需	51376
U+006D3B	活	51333
U+00519C	农	51013
U+00520A	刊	50252
U+0076EE	目	50198
U+009A8C	验	49747
U+00521B	创	49741
U+00601D	思	49453
U+007248	版	49351
U+0070B9	点	49218
U+005F00	开	49046
U+005916	外	48979
U+008BC4	评	48843
U+004F20	传	48715
U+006743	权	48563
U+008BC6	识	48492
U+004E60	习	48492
U+0073AF	环	48414
U+005883	境	48247
U+004EF7	价	48168
U+004E49	义	48015
U+005E02	市	47886
U+005F15	引	47555
U+005F62	形	47480
U+007A3F	稿	47210
U+00606F	息	47130
U+007EC4	组	47027
U+008BFE	课	46700
U+007F51	网	46568
U+0089C4	规	46391
U+008F83	较	46368
U+00517B	养	46273
U+005C06	将	45979
U+005B57	字	45341
U+00524D	前	45185
U+006295	投	45103
U+004F01	企	45073
U+006D4E	济	44975
U+006307	指	44895
U+007387	率	44588
U+0089C2	观	44430
U+006751	村	44327
U+008C03	调	44263
U+006D41	流	44112
U+006BD4	比	43646
U+00516C	公	43562
U+008BA4	认	43528
U+006C11	民	43517
U+005B58	存	43192
U+0057DF	域	43187
U+00611F	感	43168
U+005F53	当	43110
U+006C42	求	42656
U+005904	处	42605
U+004F4D	位	42598
U+005411	向	42465
U+00663E	显	42013
U+00589E	增	41656
U+007597	疗	41493
U+005E08	师	41446
U+006001	态	41316
U+00786E	确	41221
U+006E90	源	41086
U+00793A	示	41001
U+00533B	医	40682
U+008001	老	40541
U+006D4B	测	40060
U+005C0F	小	39972
U+005E38	常	39938
U+0075C5	病	39809
U+004F9B	供	39379
U+007B56	策	38864
U+007531	由	38667
U+006301	持	38309
U+004ED6	他	38223
U+007ACB	立	37423
U+0053C2	参	37399
U+007136	然	37347
U+004EF6	件	37040
U+0063A8	推	36957
U+0062A4	护	36875
U+00573A	场	36656
U+0063A5	接	36501
U+007740	着	36484
U+0053D6	取	36461
U+004F8B	例	36349
U+005171	共	36334
U+0091D1	金	36254
U+006D88	消	36254
U+0089C6	视	36241
U+004EA4	交	36082
U+006B63	正	36040
U+00957F	长	35866
U+00522B	别	35290
U+004F18	优	35239
U+009884	预	34999
U+0068C0	检	34827
U+00670D	服	34739
U+00878D	融	34674
U+005347	升	34332
U+0053D7	受	34008
U+006216	或	33750
U+008003	考	33606
U+0098CE	风	33589
U+009886	领	33488
U+008272	色	33423
U+00539F	原	33336
U+004E09	三	33239
U+004E8B	事	33202
U+004F4E	低	33052
U+00300B	》	32770
U+00300A	《	32769
U+008054	联	32612
U+005355	单	32418
U+00597D	好	32274
U+008FD0	运	32164
U+0051C6	准	32119
U+008A00	言	31959
U+009053	道	31954
U+007B2C	第	31460
U+0088AB	被	31296
U+004F46	但	31200
U+006B21	次	31160
U+008BCD	词	31145
U+008BAE	议	31005
U+00836F	药	31001
U+005C31	就	30849
U+007EDC	络	30847
U+004E13	专	30738
U+005404	各	30584
U+008BC1	证	30496
U+0065E0	无	30480
U+0053F0	台	30418
U+004E9B	些	30313
U+0053CD	反	30228
U+00653E	放	30117
U+009879	项	30082
U+006539	改	30004
U+0060A3	患	29971
U+005BB9	容	29929
U+0072B6	状	29822
U+006821	校	29655
U+006DF1	深	29604
U+006CE8	注	29599
U+008FBE	达	29434
U+005219	则	29359
U+006837	样	29277
U+009009	选	29208
U+007EBF	线	29136
U+007B97	算	29105
U+008282	节	29029
U+005DEE	差	28936
U+00987B	须	28778
U+0081F4	致	28766
U+005C42	层	28695
U+004E66	书	28675
U+006C14	气	28543
U+009020	造	28505
U+008F6C	转	28187
U+0052A9	助	28162
U+0079EF	积	28082
U+008EAB	身	27920
U+007EF4	维	27901
U+00652F	支	27875
U+0057F9	培	27870
U+0096C6	集	27777
U+006574	整	27759
U+006B65	步	27749
U+006781	极	27615
U+0091C7	采	27537
U+002014	—	27359
U+0065BD	施	27317
U+0065AD	断	27193
U+006536	收	27131
U+009662	院	27084
U+0076F4	直	27066
U+008FD8	还	27054
U+008C61	象	26608
U+008840	血	26562
U+00590D	复	26538
U+004EFB	任	26443
U+00591F	够	26416
U+006599	料	26358
U+0063A2	探	26201
U+004E92	互	26094
U+0076CA	益	26016
U+006C49	汉	26011
U+0089C1	见	25908
U+007F16	编	25765
U+0051B3	决	25710
U+004E8C	二	25647
U+008303	范	25485
U+005F02	异	25445
U+007D22	索	25388
U+009645	际	25376
U+006838	核	25297
U+0065AF	斯	25180
U+005386	历	25175
U+008DF5	践	25047
U+005747	均	24935
U+009996	首	24908
U+008BE5	该	24818
U+0051B5	况	24793
U+009669	险	24747
U+005B89	安	24643
U+005C11	少	24558
U+008DEF	路	24423
U+004E14	且	24402
U+006839	根	24295
U+008DB3	足	24285
U+004E24	两	24281
U+005B8C	完	24269
U+00666F	景	24053
U+0053F2	史	24013
U+00968F	随	23889
U+007EC6	细	23856
U+00529F	功	23751
U+005143	元	23727
U+006BB5	段	23693
U+007CBE	精	23692
U+007565	略	23596
U+008425	营	23592
U+004EC5	仅	23344
U+005065	健	23259
U+009002	适	23259
U+0090FD	都	23205
U+00667A	智	23087
U+006848	案	23076
U+005458	员	23019
U+00975E	非	22975
U+005305	包	22919
U+004FC3	促	22845
U+004E34	临	22764
U+0062A5	报	22752
U+006761	条	22716
U+005907	备	22566
U+00603B	总	22528
U+00795E	神	22390
U+004E61	乡	22371
U+005FF5	念	22348
U+008BF4	说	22303
U+008457	著	22136
U+006750	材	22051
U+0060F3	想	21997
U+005F8B	律	21968
U+00672A	未	21868
U+00964D	降	21740
U+007EA7	级	21739
U+00683C	格	21718
U+005E7F	广	21594
U+007840	础	21591
U+00534F	协	21501
U+008BD5	试	21260
U+005F81	征	21223
U+005EB7	康	21156
U+00624D	才	21135
U+00624B	手	21133
U+008D77	起	21024
U+009650	限	20973
U+007A7A	空	20901
U+008BD1	译	20738
U+0089D2	角	20643
U+0059D4	委	20621
U+005584	善	20513
U+007EA6	约	20467
U+006E38	游	20428
U+009500	销	20377
U+00754C	界	20342
U+0064AD	播	20335
U+0063A7	控	20233
U+00540D	名	20182
U+00897F	西	20151
U+007EED	续	20066
U+0083B7	获	19944
U+006613	易	19936
U+0053F7	号	19814
U+0052BF	势	19781
U+006237	户	19756
U+0057CE	城	19737
U+007F6E	置	19709
U+0065E5	日	19604
U+005148	先	19556
U+00901F	速	19544
U+006FC0	激	19436
U+0051CF	减	19421
U+0053F8	司	19197
U+005E26	带	19160
U+0053E3	口	19151
U+008FF0	述	19147
U+00914D	配	19126
U+006D77	海	19120
U+00952E	键	18904
U+00538B	压	18826
U+007FA4	群	18729
U+0096BE	难	18575
U+007F3A	缺	18385
U+00732E	献	18307
U+005F20	张	18295
U+0076D1	监	18200
U+0067E5	查	18072
U+00804C	职	18067
U+005357	南	17846
U+009488	针	17841
U+005E03	布	17741
U+007403	球	17365
U+006309	按	17310
U+008D8A	越	17278
U+005174	兴	17167
U+005BA1	审	17139
U+0081F3	至	17002
U+004F9D	依	16979
U+006EE1	满	16945
U+007EFC	综	16866
U+00770B	看	16847
U+0056DE	回	16722
U+005317	北	16467
U+005668	器	16457
U+004E1C	东	16432
U+005931	失	16326
U+005373	即	16229
U+007F8E	美	16198
U+005DF2	已	16129
U+005207	切	16092
U+00969C	障	15948
U+008F93	输	15936
U+0082F1	英	15829
U+0052B3	劳	15817
U+005F80	往	15810
U+0075C7	症	15770
U+005F84	径	15757
U+00738B	王	15706
U+00547D	命	15681
U+008FD1	近	15579
U+0062E9	择	15546
U+00571F	土	15546
U+00513F	儿	15508
U+009636	阶	15502
U+0080DE	胞	15482
U+0094FE	链	15447
U+0062EC	括	15380
U+005929	天	15342
U+0056F4	围	15287
U+005FB7	德	15280
U+005E8F	序	15205
U+005E8A	床	15138
U+005C5E	属	15055
U+009891	频	14866
U+006742	杂	14787
U+006218	战	14754
U+00534E	华	14655
U+005145	充	14622
U+008D23	责	14546
U+0080CC	背	14530
U+005217	列	14332
U+005FC5	必	14276
U+005FD7	志	14208
U+007EC7	织	14175
U+007ED9	给	14175
U+0056DB	四	14121
U+0070ED	热	14103
U+009664	除	14052
U+005149	光	14045
U+00771F	真	13962
U+00542B	含	13926
U+004F30	估	13914
U+006392	排	13845
U+0095E8	门	13835
U+00826F	良	13810
U+007167	照	13793
U+005FAE	微	13691
U+009690	隐	13662
U+00635F	损	13655
U+006362	换	13574
U+009875	页	13559
U+005212	划	13555
U+006E05	清	13555
U+00666E	普	13551
U+005BA2	客	13519
U+004F55	何	13503
U+0079BB	离	13479
U+007A33	稳	13470
U+007701	省	13453
U+005DF1	己	13432
U+007EA2	红	13398
U+00674E	李	13294
U+005973	女	13293
U+006982	概	13241
U+004E16	世	13186
U+008BA8	讨	13140
U+004E89	争	13089
U+005C40	局	13069
U+005468	周	13057
U+006708	月	13057
U+008F7D	载	13043
U+007C4D	籍	13036
U+00627F	承	13009
U+00767D	白	12976
U+005EAD	庭	12931
U+008BAD	训	12860
U+008D1F	负	12826
U+009A6C	马	12811
U+005B83	它	12763
U+005F52	归	12678
U+005E9C	府	12654
U+0053CC	双	12621
U+0072EC	独	12539
U+005BC6	密	12498
U+005C45	居	12424
U+009752	青	12413
U+005BCC	富	12213
U+0065C5	旅	12212
U+008BFB	读	12199
U+008D22	财	12186
U+005FEB	快	12184
U+008BDD	话	12163
U+005F88	很	12081
U+008D85	超	12058
U+005BDF	察	12057
U+00518D	再	11998
U+008651	虑	11978
U+004F17	众	11974
U+005438	吸	11961
U+006E29	温	11955
U+006C5F	江	11901
U+008BA9	让	11863
U+0050CF	像	11849
U+005224	判	11821
U+006CA1	没	11801
U+00536B	卫	11729
U+004FBF	便	11681
U+006BCF	每	11664
U+009632	防	11660
U+004ECB	介	11630
U+005DDE	州	11558
U+005E72	干	11412
U+008D2D	购	11410
U+002019	’	11340
U+009769	革	11315
U+0053EA	只	11264
U+007FFB	翻	11255
U+004EAC	京	11188
U+008F66	车	11160
U+00505A	做	11125
U+005360	占	11118
U+00514B	克	11094
U+0079FB	移	11088
U+004E25	严	11063
U+0062DF	拟	11039
U+0065CF	族	10982
U+0053BB	去	10962
U+007EFF	绿	10946
U+007ADE	竞	10883
U+00514D	免	10829
U+00521D	初	10825
U+0079C1	私	10786
U+009F84	龄	10715
U+006797	林	10708
U+00827A	艺	10689
U+0067D3	染	10646
U+005426	否	10636
U+005802	堂	10630
U+008BB0	记	10622
U+007A81	突	10608
U+0059CB	始	10572
U+005BB3	害	10548
U+0097F3	音	10531
U+0091CA	释	10522
U+009010	逐	10489
U+005C71	山	10487
U+006297	抗	10465
U+008FDE	连	10459
U+00632F	振	10378
U+00865A	虚	10311
U+006545	故	10223
U+009633	阳	10180
U+0079F0	称	10073
U+007EC8	终	10069
U+005341	十	10041
U+008865	补	10032
U+0003B1	α	9892
U+005448	呈	9841
U+005A92	媒	9790
U+004FEE	修	9760
U+006CE2	波	9730
U+00708E	炎	9705
U+005218	刘	9692
U+008D8B	趋	9687
U+00805A	聚	9618
U+005377	卷	9598
U+008BF7	请	9597
U+009986	馆	9571
U+0058F0	声	9565
U+004E4F	乏	9552
U+006291	抑	9510
U+0058EB	士	9504
U+008861	衡	9493
U+00504F	偏	9472
U+0056ED	园	9462
U+004EFD	份	9391
U+007B26	符	9354
U+009178	酸	9350
U+00544A	告	9260
U+009EC4	黄	9239
U+005370	印	9231
U+0075BE	疾	9213
U+008DE8	跨	9183
U+006253	打	9155
U+0078B3	碳	9076
U+005E2E	帮	9053
U+0053CB	友	9051
U+009648	陈	9041
U+006DB2	液	8991
U+00822A	航	8979
U+0098DF	食	8948
U+007834	破	8936
U+0080A1	股	8933
U+0095FB	闻	8905
U+0056F0	困	8846
U+00724C	牌	8812
U+004E30	丰	8742
U+008BAF	讯	8709
U+0077ED	短	8703
U+005242	剂	8695
U+008BB8	许	8692
U+006325	挥	8674
U+005047	假	8671
U+004EAB	享	8560
U+00552E	售	8555
U+0088C5	装	8499
U+0056FA	固	8499
U+0056E2	团	8460
U+006F14	演	8455
U+009AA8	骨	8430
U+007247	片	8402
U+004F60	你	8395
U+007B80	简	8380
U+004ECD	仍	8380
U+005934	头	8329
U+0062C5	担	8323
U+005C04	射	8298
U+006CDB	泛	8239
U+0089C9	觉	8220
U+005C14	尔	8198
U+00613F	愿	8170
U+0063AA	措	8142
U+008F7B	轻	8131
U+0052B1	励	8130
U+006269	扩	8123
U+004FB5	侵	8113
U+0091CC	里	8104
U+004E94	五	8055
U+0094F6	银	8051
U+006DF7	混	8011
U+00671B	望	8005
U+008FB9	边	7963
U+008DDF	跟	7960
U+0075DB	痛	7950
U+007559	留	7948
U+007EB3	纳	7946
U+005199	写	7879
U+008350	荐	7836
U+004E91	云	7829
U+0053E6	另	7814
U+007EC3	练	7790
U+0053E4	古	7789
U+007EE9	绩	7788
U+002009	U+002009	7776
U+0077F3	石	7772
U+0003B2	β	7769
U+008BCA	诊	7742
U+008BEF	误	7706
U+0064CD	操	7679
U+007EEA	绪	7679
U+0080BA	肺	7662
U+00677F	板	7658
U+005E93	库	7635
U+006563	散	7570
U+00961F	队	7539
U+00843D	落	7496
U+0053C8	又	7464
U+006E10	渐	7452
U+004F24	伤	7436
U+0083DC	菜	7434
U+008F6F	软	7402
U+009057	遗	7393
U+008111	脑	7355
U+005178	典	7335
U+0089C8	览	7328
U+006311	挑	7322
U+007AE5	童	7315
U+006C27	氧	7301
U+004E50	乐	7295
U+008FDC	远	7257
U+008E2A	踪	7252
U+00690D	植	7241
U+00764C	癌	7238
U+0067D0	某	7234
U+008109	脉	7182
U+00628A	把	7164
U+007126	焦	7133
U+0075AB	疫	7101
U+002013	–	7056
U+009547	镇	7031
U+0067B6	架	7008
U+0051FD	函	6970
U+00501F	借	6969
U+007CD6	糖	6900
U+006DB5	涵	6880
U+0080BF	肿	6849
U+006B3E	款	6843
U+0082B1	花	6823
U+00798F	福	6817
U+007F6A	罪	6794
U+005757	块	6793
U+00907F	避	6781
U+008DDD	距	6775
U+0051E0	几	6770
U+004F3C	似	6770
U+006267	执	6738
U+0065E9	早	6712
U+006D89	涉	6695
U+005F85	待	6672
U+006F5C	潜	6664
U+004E07	万	6648
U+008BC9	诉	6617
U+006458	摘	6605
U+0076AE	皮	6598
U+005C3D	尽	6590
U+006CB3	河	6583
U+007AEF	端	6583
U+008D35	贵	6578
U+00535A	博	6566
U+0059D3	姓	6557
U+00523A	刺	6521
U+0063E1	握	6518
U+006C47	汇	6500
U+0066F2	曲	6491
U+008DA3	趣	6455
U+004E70	买	6440
U+005F31	弱	6426
U+005CA9	岩	6424
U+0063CF	描	6412
U+004E88	予	6398
U+00809D	肝	6398
U+009605	阅	6384
U+0083CC	菌	6370
U+008FFD	追	6307
U+00654F	敏	6301
U+006811	树	6295
U+00963B	阻	6288
U+006D4F	浏	6268
U+0080A0	肠	6252
U+00788D	碍	6250
U+006768	杨	6246
U+0051B2	冲	6239
U+006C61	污	6223
U+005BA4	室	6221
U+005FAA	循	6206
U+0064A4	撤	6196
U+007F13	缓	6185
U+007624	瘤	6162
U+0080BE	肾	6161
U+004E48	么	6156
U+007231	爱	6136
U+009102	鄂	6133
U+005BA3	宣	6108
U+008D27	货	6092
U+002016	‖	6073
U+009F99	龙	6065
U+0090A3	那	6051
U+009732	露	6037
U+006167	慧	6030
U+005473	味	5983
U+006BCD	母	5971
U+00989D	额	5969
U+005EF6	延	5963
U+006279	批	5911
U+00867D	虽	5876
U+006025	急	5866
U+005371	危	5853
U+007BC7	篇	5845
U+009274	鉴	5837
U+006620	映	5837
U+004F59	余	5825
U+00900F	透	5787
U+0053E5	句	5786
U+00620F	戏	5773
U+007AD9	站	5766
U+00822C	般	5763
U+004EB2	亲	5760
U+00503A	债	5751
U+004E9A	亚	5719
U+007075	灵	5716
U+008FDD	违	5712
U+007D27	紧	5701
U+009759	静	5698
U+00575A	坚	5663
U+006388	授	5654
U+008BB2	讲	5633
U+0053F6	叶	5615
U+0051DD	凝	5566
U+009644	附	5563
U+005C3F	尿	5559
U+004FA7	侧	5522
U+0065E2	既	5518
U+007C92	粒	5513
U+005267	剧	5493
U+00819C	膜	5487
U+006CB9	油	5483
U+00675F	束	5475
U+006162	慢	5473
U+004F4F	住	5466
U+006B7B	死	5456
U+006B62	止	5448
U+0072AF	犯	5441
U+00817A	腺	5414
U+00987E	顾	5412
U+009635	阵	5388
U+00523B	刻	5382
U+005F55	录	5380
U+007855	硕	5376
U+004E3E	举	5371
U+005E7C	幼	5355
U+0082E5	若	5333
U+007F29	缩	5305
U+0076D6	盖	5269
U+006BD2	毒	5267
U+007EE7	继	5248
U+0086CB	蛋	5228
U+0062C9	拉	5207
U+00542F	启	5198
U+005C24	尤	5189
U+004ED8	付	5150
U+008D4B	赋	5094
U+00529E	办	5093
U+0082CF	苏	5082
U+002211	∑	5077
U+008F85	辅	5064
U+00638C	掌	5064
U+0003BC	μ	5044
U+0079C0	秀	5014
U+009634	阴	5002
U+005019	候	4991
U+008F91	辑	4966
U+005B81	宁	4962
U+00810F	脏	4957
U+007763	督	4932
U+008D38	贸	4929
U+00753B	画	4922
U+006C89	沉	4919
U+00507F	偿	4904
U+009F13	鼓	4870
U+009014	途	4855
U+006C9F	沟	4852
U+006653	晓	4846
U+004ECA	今	4843
U+006846	框	4829
U+0066B4	暴	4828
U+00808C	肌	4819
U+002208	∈	4809
U+0080C3	胃	4807
U+009001	送	4803
U+0050A8	储	4792
U+005B54	孔	4789
U+0054F2	哲	4786
U+0003B8	θ	4780
U+00767E	百	4774
U+004F73	佳	4767
U+009519	错	4763
U+005E95	底	4756
U+004E3D	丽	4748
U+0077E9	矩	4747
U+00515A	党	4747
U+00719F	熟	4724
U+009047	遇	4696
U+005B98	官	4667
U+00503E	倾	4659
U+008C22	谢	4649
U+002264	≤	4628
U+007C73	米	4628
U+007F5A	罚	4619
U+007A0E	税	4607
U+005211	刑	4595
U+0065E8	旨	4583
U+007537	男	4555
U+008C31	谱	4548
U+00519B	军	4542
U+005CF0	峰	4534
U+0060E0	惠	4524
U+00706B	火	4504
U+00592A	太	4500
U+0088C1	裁	4495
U+005C1A	尚	4490
U+009760	靠	4485
U+008102	脂	4482
U+00534A	半	4480
U+0062D3	拓	4471
U+0089E6	触	4470
U+006E7F	湿	4466
U+0053BF	县	4456
U+008BBF	访	4418
U+008BD7	诗	4409
U+007532	甲	4408
U+008D56	赖	4383
U+008131	脱	4382
U+00987A	顺	4353
U+0003BB	λ	4349
U+004EA1	亡	4346
U+008D70	走	4344
U+007B51	筑	4334
U+00623F	房	4326
U+00FF1F	？	4322
U+006E20	渠	4312
U+009012	递	4292
U+007EDD	绝	4275
U+006625	春	4260
U+00751A	甚	4246
U+00677E	松	4244
U+004F34	伴	4235
U+006258	托	4208
U+006076	恶	4201
U+008349	草	4191
U+005BBD	宽	4189
U+006E56	湖	4189
U+009000	退	4177
U+008D5B	赛	4169
U+0090C1	郁	4161
U+007801	码	4156
U+0051FB	击	4129
U+005C81	岁	4123
U+0077FF	矿	4121
U+005B88	守	4111
U+009ED1	黑	4105
U+00539A	厚	4076
U+005BFB	寻	4032
U+005E86	庆	4024
U+008D75	赵	4019
U+009988	馈	4017
U+007EAA	纪	4010
U+0073ED	班	4002
U+00903B	逻	3982
U+00627E	找	3955
U+00904D	遍	3937
U+0098DE	飞	3911
U+006DA6	润	3853
U+005A01	威	3840
U+006CBF	沿	3826
U+007A74	穴	3819
U+007F57	罗	3817
U+0080A5	肥	3803
U+0088C2	裂	3799
U+005374	却	3793
U+006D53	浓	3769
U+0062BD	抽	3764
U+0022EF	⋯	3763
U+002026	…	3732
U+00574F	坏	3701
U+005FFD	忽	3696
U+008FC1	迁	3690
U+008C08	谈	3685
U+006728	木	3682
U+005DDD	川	3677
U+006881	梁	3676
U+006B8A	殊	3671
U+006D0B	洋	3670
U+005434	吴	3656
U+005361	卡	3650
U+005C0A	尊	3649
U+009A71	驱	3647
U+00542C	听	3645
U+005170	兰	3644
U+0062E5	拥	3640
U+006C64	汤	3633
U+005851	塑	3628
U+006B66	武	3625
U+006EDE	滞	3615
U+007389	玉	3610
U+008986	覆	3608
U+006EB6	溶	3607
U+007CCA	糊	3607
U+006C7D	汽	3593
U+007236	父	3582
U+005B63	季	3581
U+007B54	答	3574
U+007C89	粉	3574
U+005B87	宇	3572
U+0066FF	替	3560
U+0058E4	壤	3555
U+00758F	疏	3548
U+006316	挖	3537
U+008C10	谐	3519
U+005DE6	左	3503
U+004F1F	伟	3499
U+004EEA	仪	3494
U+006398	掘	3483
U+005DE8	巨	3476
U+004E73	乳	3469
U+00516D	六	3466
U+0051B7	冷	3465
U+004EFF	仿	3462
U+008F6E	轮	3456
U+007E41	繁	3453
U+0003B3	γ	3431
U+005DF4	巴	3419
U+007591	疑	3396
U+006298	折	3393
U+0096E8	雨	3393
U+0070DF	烟	3385
U+00773C	眼	3373
U+005E78	幸	3370
U+00813E	脾	3365
U+007D2F	累	3337
U+007164	煤	3334
U+007530	田	3330
U+009176	酶	3329
U+008D34	贴	3329
U+005B59	孙	3326
U+008FC5	迅	3326
U+008D37	贷	3284
U+007B14	笔	3283
U+009677	陷	3276
U+0060EF	惯	3270
U+00786C	硬	3266
U+0096F6	零	3265
U+005F69	彩	3263
U+006ED1	滑	3245
U+008BF8	诸	3241
U+0085CF	藏	3238
U+006000	怀	3227
U+008017	耗	3221
U+002192	→	3220
U+00996E	饮	3213
U+0094C1	铁	3201
U+00661F	星	3197
U+005B69	孩	3190
U+005E97	店	3179
U+008377	荷	3156
U+009C9C	鲜	3145
U+0080E1	胡	3139
U+008336	茶	3134
U+0053F3	右	3131
U+0080F6	胶	3107
U+00955C	镜	3093
U+008179	腹	3090
U+00547C	呼	3085
U+002202	∂	3072
U+0096EA	雪	3064
U+004F11	休	3055
U+007720	眠	3046
U+008363	荣	3044
U+008870	衰	3035
U+007EA4	纤	3033
U+006670	晰	3009
U+007EAF	纯	3008
U+008BBC	讼	3003
U+005957	套	2997
U+007ED8	绘	2992
U+0003C3	σ	2988
U+004E95	井	2985
U+006731	朱	2969
U+008BA2	订	2962
U+005F90	徐	2959
U+006B96	殖	2953
U+008D21	贡	2953
U+005E45	幅	2952
U+004EE4	令	2944
U+008BE6	详	2929
U+008FEB	迫	2924
U+009EBB	麻	2897
U+006062	恢	2889
U+006885	梅	2882
U+005B9D	宝	2881
U+005E9F	废	2878
U+008B66	警	2874
U+006676	晶	2862
U+004F26	伦	2859
U+0091CE	野	2853
U+0003B5	ε	2832
U+007078	灸	2826
U+006491	撑	2821
U+004E45	久	2802
U+008BF1	诱	2798
U+0070C8	烈	2791
U+0003BE	ξ	2787
U+007EB7	纷	2784
U+007533	申	2771
U+0080C6	胆	2769
U+004F0D	伍	2762
U+004EC0	什	2761
U+009075	遵	2759
U+0003B4	δ	2755
U+005B8F	宏	2751
U+007B5B	筛	2747
U+0063ED	揭	2744
U+008212	舒	2737
U+004FD7	俗	2732
U+0096F7	雷	2731
U+006C38	永	2728
U+004EBF	亿	2728
U+008FA8	辨	2727
U+008D54	赔	2726
U+006270	扰	2721
U+009970	饰	2714
U+007518	甘	2706
U+0052AA	努	2696
U+004E39	丹	2693
U+0060E9	惩	2688
U+00590F	夏	2687
U+007EA0	纠	2682
U+00585E	塞	2674
U+008F74	轴	2668
U+008D2B	贫	2666
U+005E0C	希	2663
U+002265	≥	2661
U+008D2F	贯	2659
U+0053D9	叙	2629
U+009F20	鼠	2628
U+006865	桥	2626
U+0078C1	磁	2626
U+00642D	搭	2625
U+004E4E	乎	2625
U+00626C	扬	2620
U+005F39	弹	2616
U+005B9C	宜	2616
U+009152	酒	2605
U+0050AC	催	2596
U+007F18	缘	2592
U+00559C	喜	2583
U+005B97	宗	2581
U+008154	腔	2580
U+0051A0	冠	2575
U+009610	阐	2570
U+00690E	椎	2566
U+005FC6	忆	2563
U+0076D0	盐	2554
U+005BD2	寒	2553
U+0065E7	旧	2552
U+007ECD	绍	2549
U+00793C	礼	2538
U+0051C0	净	2538
U+00592E	央	2537
U+00672B	末	2535
U+00963F	阿	2533
U+00592B	夫	2531
U+0076D8	盘	2520
U+00541B	君	2503
U+006E17	渗	2500
U+005979	她	2496
U+008574	蕴	2486
U+009888	颈	2485
U+0076FE	盾	2483
U+006C99	沙	2480
U+006D59	浙	2472
U+006551	救	2463
U+0068B0	械	2459
U+005C9B	岛	2457
U+006D01	洁	2448
U+005761	坡	2447
U+007EB9	纹	2443
U+006C60	池	2439
U+002103	℃	2435
U+00505C	停	2428
U+007A7F	穿	2427
U+006C1B	氛	2415
U+009694	隔	2410
U+006B8B	残	2405
U+0075BC	疼	2402
U+008010	耐	2399
U+008BE2	询	2397
U+009F50	齐	2396
U+005DE7	巧	2392
U+00516B	八	2390
U+006770	杰	2386
U+00641C	搜	2383
U+007761	睡	2381
U+0067F1	柱	2378
U+0090ED	郭	2378
U+008089	肉	2367
U+009C81	鲁	2365
U+00707E	灾	2360
U+0003C9	ω	2358
U+00517C	兼	2355
U+002032	′	2354
U+008499	蒙	2354
U+005356	卖	2351
U+0080F0	胰	2348
U+005750	坐	2341
U+007968	票	2341
U+0077DB	矛	2338
U+0003C0	π	2327
U+005510	唐	2327
U+006740	杀	2319
U+004EC1	仁	2313
U+0070BC	炼	2311
U+006108	愈	2310
U+000394	Δ	2305
U+008FA9	辩	2297
U+00521A	刚	2296
U+007B7E	签	2294
U+00622A	截	2293
U+006C28	氨	2288
U+0002DA	˚	2286
U+009876	顶	2285
U+005BAB	宫	2283
U+008BDA	诚	2283
U+0062AB	披	2283
U+006BD5	毕	2282
U+005C3A	尺	2279
U+005706	圆	2274
U+008273	艳	2270
U+008C13	谓	2268
U+004E1D	丝	2266
U+00665A	晚	2259
U+006BDB	毛	2254
U+007070	灰	2250
U+0065CB	旋	2246
U+009999	香	2238
U+0082E6	苦	2232
U+00200A	U+00200A	2228
U+006D25	津	2223
U+008584	薄	2223
U+005C65	履	2217
U+006746	杆	2215
U+004EA6	亦	2212
U+0095ED	闭	2210
U+006CE5	泥	2209
U+006B27	欧	2206
U+0082B3	芳	2203
U+0090D1	郑	2203
U+0054C8	哈	2202
U+006377	捷	2193
U+005343	千	2187
U+005339	匹	2182
U+006F6E	潮	2180
U+002219	∙	2178
U+009006	逆	2174
U+0058C1	壁	2164
U+005C01	封	2154
U+0003C6	φ	2153
U+006069	恩	2152
U+005A5A	婚	2151
U+0003C4	τ	2149
U+0022C5	⋅	2143
U+00221E	∞	2139
U+0003C1	ρ	2135
U+0066FE	曾	2132
U+006597	斗	2129
U+005409	吉	2115
U+006D1E	洞	2113
U+00745E	瑞	2111
U+00552F	唯	2102
U+0082D7	苗	2094
U+008170	腰	2090
U+005B8B	宋	2083
U+0055BB	喻	2079
U+007600	瘀	2079
U+007B79	筹	2073
U+005987	妇	2071
U+006B4C	歌	2066
U+007545	畅	2063
U+004EF2	仲	2051
U+004E03	七	2050
U+0051F8	凸	2047
U+008C8C	貌	2039
U+0053C9	叉	2037
U+005B64	孤	2029
U+009187	醇	2023
U+008D26	账	2018
U+009AA4	骤	2013
U+00586B	填	2011
U+005EA7	座	2005
U+009646	陆	2000
U+004E71	乱	1982
U+008FF9	迹	1979
U+00566A	噪	1975
U+009897	颗	1974
U+0052C7	勇	1972
U+0068EE	森	1970
U+006CC4	泄	1968
U+008026	耦	1967
U+006444	摄	1967
U+005947	奇	1962
U+0097E9	韩	1962
U+006276	扶	1953
U+006CCC	泌	1952
U+0068A6	梦	1949
U+005C3E	尾	1947
U+006D45	浅	1946
U+00949F	钟	1945
U+005FE0	忠	1943
U+007EB5	纵	1937
U+009707	震	1925
U+00704C	灌	1923
U+009776	靶	1919
U+008F86	辆	1916
U+006DFB	添	1908
U+006D17	洗	1908
U+005076	偶	1905
U+0062B5	抵	1902
U+006B32	欲	1902
U+005951	契	1901
U+005272	割	1901
U+009ED8	默	1898
U+006F0F	漏	1898
U+0076C8	盈	1892
U+008F68	轨	1883
U+0051AC	冬	1882
U+0079E9	秩	1879
U+009699	隙	1873
U+005C3C	尼	1872
U+006D78	浸	1867
U+005256	剖	1867
U+0096C5	雅	1864
U+0079CB	秋	1857
U+009A76	驶	1857
U+006A2A	横	1853
U+0080DC	胜	1848
U+00500D	倍	1848
U+0078F7	磷	1847
U+004E59	乙	1842
U+00725B	牛	1839
U+006B67	歧	1837
U+004E58	乘	1835
U+00518C	册	1829
U+007ED5	绕	1826
U+004E5D	九	1824
U+00526F	副	1822
U+0080C1	胁	1815
U+00866B	虫	1814
U+006DCB	淋	1809
U+0080A2	肢	1806
U+006B22	欢	1806
U+008463	董	1804
U+00671D	朝	1803
U+005382	厂	1797
U+005C97	岗	1792
U+007574	畴	1792
U+0071B5	熵	1791
U+008D4F	赏	1789
U+0097E7	韧	1789
U+005784	垄	1788
U+005A77	婷	1783
U+004EAE	亮	1778
U+006D2A	洪	1777
U+008F89	辉	1769
U+005708	圈	1766
U+0090BB	邻	1763
U+005956	奖	1763
U+0062DB	招	1756
U+006CE1	泡	1755
U+0095F2	闲	1755
U+0094A2	钢	1753
U+0071D5	燕	1752
U+009A7E	驾	1750
U+006EE8	滨	1738
U+005F03	弃	1736
U+0056CA	囊	1734
U+0068AF	梯	1733
U+0053E0	叠	1732
U+005B5F	孟	1729
U+005A1F	娟	1728
U+008FED	迭	1726
U+00821E	舞	1725
U+009676	陶	1721
U+0073B2	玲	1718
U+00659C	斜	1711
U+007586	疆	1706
U+0003B7	η	1700
U+005BBF	宿	1697
U+004F38	伸	1696
U+0075F0	痰	1696
U+008C37	谷	1691
U+0002DC	˜	1690
U+005375	卵	1690
U+006355	捕	1689
U+0062D4	拔	1688
U+006C2E	氮	1683
U+006D6E	浮	1678
U+005352	卒	1674
U+007C98	粘	1674
U+00788E	碎	1669
U+006863	档	1663
U+0084DD	蓝	1661
U+006CF0	泰	1660
U+00971E	霞	1657
U+005A31	娱	1641
U+007206	爆	1635
U+009896	颖	1635
U+00653B	攻	1634
U+009E4F	鹏	1634
U+0094B1	钱	1632
U+004E01	丁	1631
U+005E55	幕	1627
U+007259	牙	1626
U+006D1B	洛	1625
U+00953B	锻	1624
U+0076DB	盛	1623
U+0096C4	雄	1619
U+005E84	庄	1619
U+006842	桂	1613
U+006D6A	浪	1607
U+006446	摆	1607
U+0080A4	肤	1606
U+006B23	欣	1606
U+006469	摩	1601
U+00675C	杜	1595
U+0068B3	梳	1593
U+005D4C	嵌	1591
U+009910	餐	1588
U+006EE4	滤	1583
U+005C1D	尝	1568
U+00989C	颜	1566
U+008033	耳	1559
U+008D1D	贝	1558
U+007EB8	纸	1558
U+0076DF	盟	1557
U+007A00	稀	1556
U+0051B0	冰	1551
U+008DC3	跃	1550
U+005C4F	屏	1542
U+006D3E	派	1539
U+0078E8	磨	1535
U+00626E	扮	1533
U+008A89	誉	1526
U+006C0F	氏	1522
U+0003D5	ϕ	1521
U+0054EA	哪	1511
U+0054A8	咨	1510
U+009AD3	髓	1509
U+005021	倡	1509
U+009C7C	鱼	1507
U+004FCA	俊	1506
U+00906D	遭	1497
U+00695A	楚	1489
U+002460	①	1487
U+008857	街	1483
U+00526A	剪	1477
U+005012	倒	1477
U+006D32	洲	1472
U+006813	栓	1471
U+007981	禁	1470
U+00222B	∫	1470
U+005F7B	彻	1468
U+00594B	奋	1465
U+004F5B	佛	1464
U+002018	‘	1456
U+007EB2	纲	1449
U+005269	剩	1444
U+005FBD	徽	1441
U+006C22	氢	1440
U+0073A9	玩	1438
U+00626B	扫	1438
U+008D5E	赞	1437
U+005E01	币	1437
U+005B55	孕	1433
U+006D9B	涛	1424
U+006293	抓	1423
U+0052A3	劣	1422
U+005782	垂	1421
U+0090AA	邪	1413
U+0071C3	燃	1412
U+006C88	沈	1411
U+002461	②	1410
U+00840D	萍	1410
U+008854	衔	1408
U+006CFD	泽	1400
U+00524A	削	1396
U+006052	恒	1392
U+005300	匀	1388
U+008FBD	辽	1374
U+006F2B	漫	1374
U+004F0F	伏	1373
U+002217	∗	1372
U+0084B8	蒸	1370
U+0078B1	碱	1370
U+005DE2	巢	1368
U+0080AF	肯	1363
U+00810A	脊	1362
U+005112	儒	1357
U+00767B	登	1357
U+0073CD	珍	1356
U+009ECF	黏	1352
U+00660C	昌	1342
U+0079D8	秘	1341
U+006697	暗	1337
U+005854	塔	1337
U+009A97	骗	1335
U+007BB1	箱	1334
U+00884D	衍	1331
U+009192	醒	1325
U+00604B	恋	1324
U+005238	券	1323
U+007F1D	缝	1319
U+00575B	坛	1315
U+0066F9	曹	1314
U+0063D2	插	1309
U+0060A6	悦	1308
U+007802	砂	1307
U+0080AA	肪	1304
U+0080F8	胸	1298
U+005806	堆	1296
U+007C97	粗	1294
U+0080D6	胖	1293
U+007956	祖	1292
U+005265	剥	1291
U+007AF9	竹	1291
U+00916E	酮	1290
U+007B4B	筋	1287
U+0062FF	拿	1286
U+0094BB	钻	1285
U+0067D4	柔	1284
U+005175	兵	1279
U+0059DC	姜	1278
U+008BC8	诈	1277
U+008F90	辐	1276
U+008096	肖	1276
U+00591C	夜	1274
U+0070E7	烧	1273
U+005960	奠	1270
U+006D69	浩	1267
U+0051AF	冯	1267
U+0071E5	燥	1265
U+005A1C	娜	1262
U+007D2B	紫	1262
U+0079E6	秦	1262
U+00676D	杭	1260
U+008FCE	迎	1260
U+009614	阔	1258
U+0074E6	瓦	1255
U+005B99	宙	1248
U+00670B	朋	1247
U+00624E	扎	1238
U+0051E4	凤	1237
U+00566C	噬	1233
U+0080FA	胺	1230
U+0076F2	盲	1228
U+008015	耕	1225
U+009655	陕	1224
U+009499	钙	1223
U+0080C0	胀	1222
U+006C2F	氯	1222
U+006070	恰	1221
U+005D07	崇	1220
U+006682	暂	1218
U+008083	肃	1218
U+008BFA	诺	1217
U+0080CE	胎	1212
U+005F25	弥	1211
U+006D46	浆	1209
U+009971	饱	1208
U+0062FC	拼	1205
U+008FD4	返	1205
U+007AED	竭	1204
U+007433	琳	1200
U+008206	舆	1198
U+009E23	鸣	1198
U+002207	∇	1195
U+005F08	弈	1186
U+006212	戒	1185
U+0063BA	掺	1179
U+0065E6	旦	1179
U+009E3F	鸿	1178
U+0003A9	Ω	1175
U+0097F5	韵	1174
U+00697C	楼	1169
U+00827E	艾	1169
U+008389	莉	1163
U+008863	衣	1159
U+006B20	欠	1158
U+004E43	乃	1152
U+008D25	败	1149
U+008DF3	跳	1147
U+006E2F	港	1147
U+006050	恐	1146
U+008138	脸	1145
U+0062D2	拒	1144
U+0094A0	钠	1144
U+004ED3	仓	1142
U+009B4F	魏	1131
U+009189	醉	1126
U+007965	祥	1125
U+009608	阈	1124
U+006EA2	溢	1123
U+0076D2	盒	1122
U+00039F	Ο	1122
U+00600E	怎	1121
U+005609	嘉	1121
U+0058EE	壮	1121
U+0083AB	莫	1116
U+005965	奥	1114
U+006D82	涂	1111
U+00658C	斌	1110
U+009EA6	麦	1108
U+007F8A	羊	1107
U+005C16	尖	1104
U+006EE5	滥	1104
U+0082F7	苷	1102
U+005BF8	寸	1101
U+006696	暖	1098
U+0051CB	凋	1097
U+006E21	渡	1094
U+006234	戴	1093
U+002462	③	1090
U+0069DB	槛	1088
U+00655B	敛	1083
U+00819D	膝	1083
U+007A97	窗	1082
U+004E9F	亟	1076
U+005723	圣	1074
U+0051EF	凯	1069
U+006CFB	泻	1068
U+005362	卢	1065
U+004E19	丙	1064
U+009003	逃	1063
U+006CC9	泉	1059
U+005999	妙	1058
U+005F6D	彭	1057
U+008239	船	1056
U+008FF7	迷	1054
U+008FDF	迟	1054
U+0064E6	擦	1052
U+0073E0	珠	1051
U+00609F	悟	1047
U+009F3B	鼻	1047
U+007F72	署	1047
U+005141	允	1046
U+0062CD	拍	1044
U+008C46	豆	1044
U+008FEA	迪	1044
U+006296	抖	1043
U+006089	悉	1042
U+00811A	脚	1041
U+0082AC	芬	1040
U+0052E4	勤	1039
U+00946B	鑫	1032
U+002010	‐	1032
U+0051ED	凭	1031
U+004F2A	伪	1022
U+0087BA	螺	1020
U+006EAF	溯	1020
U+008F88	辈	1013
U+006668	晨	1012
U+008F9B	辛	1006
U+005385	厅	1005
U+006591	斑	1004
U+0060A8	您	1004
U+0094FA	铺	1001
U+00786B	硫	1000
U+008F96	辖	999
U+0066FC	曼	996
U+0065ED	旭	994
U+00706F	灯	991
U+008150	腐	991
U+00845B	葛	991
U+005403	吃	985
U+00573E	圾	984
U+00820C	舌	984
U+005783	垃	983
U+009ECE	黎	983
U+004E27	丧	978
U+00656C	敬	976
U+0094DC	铜	973
U+008881	袁	971
U+005A9B	媛	971
U+005598	喘	971
U+005C48	屈	970
U+004F19	伙	969
U+005899	墙	968
U+006D8C	涌	967
U+006263	扣	962
U+00614E	慎	962
U+006E14	渔	960
U+0060B2	悲	960
U+00594F	奏	959
U+005417	吗	958
U+007686	皆	957
U+005415	吕	956
U+0096A7	隧	955
U+009501	锁	954
U+009065	遥	954
U+0072ED	狭	953
U+00916C	酬	952
U+0085FB	藻	949
U+00682A	株	945
U+006897	梗	942
U+006C6A	汪	941
U+008F9E	辞	940
U+0062DC	拜	939
U+009B45	魅	935
U+006EF4	滴	933
U+004E4C	乌	932
U+0061C2	懂	930
U+00916F	酯	929
U+0088D5	裕	928
U+0070AD	炭	928
U+0051CC	凌	927
U+0076C6	盆	919
U+004F2F	伯	918
U+008C28	谨	915
U+00950B	锋	914
U+005BFF	寿	911
U+005B85	宅	908
U+0058F3	壳	898
U+0070B8	炸	896
U+00593A	夺	896
U+005200	刀	896
U+006DE1	淡	891
U+0067A2	枢	891
U+006E83	溃	890
U+0052D8	勘	890
U+0051E1	凡	889
U+0063F4	援	886
U+007A84	窄	886
U+005237	刷	886
U+004F0A	伊	885
U+008461	葡	882
U+008680	蚀	882
U+005C4A	届	882
U+005E9E	庞	881
U+005F18	弘	880
U+007A77	穷	879
U+0083B9	莹	879
U+008521	蔡	878
U+005E1D	帝	875
U+004ED9	仙	874
U+0053EC	召	872
U+009526	锦	872
U+008367	荧	872
U+0062BC	押	872
U+006E58	湘	871
U+007F34	缴	867
U+006D4A	浊	867
U+00987F	顿	866
U+0052C3	勃	865
U+005B5D	孝	865
U+008C6A	豪	865
U+005353	卓	864
U+00FF01	！	864
U+005026	倦	863
U+009175	酵	862
U+00679D	枝	861
U+0051BB	冻	861
U+005939	夹	861
U+005740	址	860
U+009093	邓	860
U+0096FE	雾	858
U+005BBE	宾	857
U+006349	捉	857
U+006DC0	淀	856
U+00848B	蒋	853
U+0088AD	袭	853
U+006F58	潘	852
U+00818F	膏	849
U+005DE9	巩	847
U+005F1F	弟	846
U+005EB8	庸	845
U+0052D2	勒	844
U+0062C6	拆	842
U+007434	琴	841
U+00732A	猪	841
U+0070EF	烯	838
U+00211D	ℝ	837
U+007B11	笑	837
U+005029	倩	836
U+005F2F	弯	835
U+005CB8	岸	835
U+005FE7	忧	834
U+006020	怠	833
U+008C0B	谋	832
U+008404	萄	828
U+008058	聘	828
U+005254	剔	826
U+0059BB	妻	826
U+0058A8	墨	825
U+00706D	灭	823
U+00821F	舟	822
U+009A7B	驻	820
U+0069FD	槽	816
U+006606	昆	815
U+0065C1	旁	814
U+006ECB	滋	811
U+0096C7	雇	808
U+0059FB	姻	806
U+0067F3	柳	806
U+00731B	猛	806
U+007EBD	纽	806
U+006851	桑	806
U+00718F	熏	805
U+0094DD	铝	804
U+009B42	魂	804
U+005F7C	彼	803
U+006717	朗	802
U+005410	吐	800
U+0067CF	柏	799
U+008D62	赢	798
U+006E7E	湾	795
U+009686	隆	794
U+005BC4	寄	793
U+004EF0	仰	791
U+0082EF	苯	789
U+00532E	匮	788
U+0065A5	斥	788
U+006302	挂	787
U+0059DA	姚	784
U+0060E7	惧	784
U+002329	〈	781
U+00232A	〉	781
U+005D14	崔	781
U+00763E	瘾	780
U+006BEB	毫	776
U+007845	硅	775
U+005835	堵	773
U+00643A	携	772
U+0084C4	蓄	772
U+0079DF	租	770
U+0077EB	矫	770
U+009881	颁	769
U+0054BD	咽	769
U+0002D9	˙	768
U+0083B1	莱	768
U+006CA5	沥	766
U+0074F6	瓶	762
U+0096CC	雌	759
U+008D3E	贾	757
U+0083F2	菲	756
U+00664B	晋	755
U+0079D2	秒	754
U+002260	≠	753
U+005F70	彰	752
U+005C4B	屋	752
U+0082AF	芯	750
U+0078CA	磊	750
U+0067F4	柴	748
U+004FF1	俱	748
U+005220	删	745
U+005A74	婴	744
U+0068D2	棒	744
U+008DD1	跑	744
U+008151	腑	743
U+0003C8	ψ	741
U+006CF5	泵	738
U+0054B3	咳	738
U+0075A1	疡	737
U+006960	楠	736
U+007F50	罐	732
U+0062D6	拖	729
U+006EAA	溪	728
U+0085AA	薪	728
U+006577	敷	728
U+0084EC	蓬	728
U+006109	愉	725
U+00742A	琪	721
U+0060D1	惑	721
U+00840C	萌	719
U+0090AE	邮	719
U+0057CB	埋	718
U+0080BD	肽	718
U+005C18	尘	716
U+0075B2	疲	714
U+0074E3	瓣	713
U+006B3A	欺	711
U+005496	咖	711
U+006021	怡	710
U+005F0A	弊	709
U+00221A	√	708
U+0073CA	珊	708
U+0059C6	姆	708
U+005511	唑	706
U+005192	冒	706
U+005751	坑	704
U+006148	慈	704
U+00853D	蔽	703
U+009F7F	齿	703
U+006350	捐	703
U+005E15	帕	701
U+005858	塘	700
U+00966A	陪	700
U+006734	朴	697
U+00598A	妊	695
U+005A20	娠	694
U+006843	桃	694
U+0060AC	悬	694
U+00676F	杯	694
U+007CAE	粮	692
U+005462	呢	692
U+005F17	弗	692
U+006869	桩	690
U+009080	邀	688
U+004E38	丸	688
U+005FA1	御	687
U+002463	④	685
U+0082AA	芪	683
U+005E7B	幻	681
U+005561	啡	681
U+007476	瑶	678
U+007267	牧	678
U+009885	颅	676
U+006562	敢	675
U+00817E	腾	675
U+009675	陵	671
U+0097E6	韦	667
U+00864E	虎	667
U+006E34	渴	666
U+0075F9	痹	666
U+008361	荡	666
U+0066F0	曰	666
U+008679	虹	665
U+0055B7	喷	665
U+005792	垒	664
U+007891	碑	662
U+00718A	熊	662
U+006BC5	毅	661
U+005085	傅	661
U+005251	剑	660
U+006FB3	澳	659
U+007275	牵	658
U+00642C	搬	657
U+005CFB	峻	657
U+005E7D	幽	657
U+007EE3	绣	653
U+004E32	串	652
U+00649E	撞	649
U+0065FA	旺	649
U+0059FF	姿	648
U+00732B	猫	648
U+0022EE	⋮	645
U+009510	锐	642
U+005F92	徒	641
U+0065D7	旗	640
U+004FAF	侯	639
U+0003BD	ν	637
U+0090A6	邦	637
U+008D60	赠	637
U+0094BE	钾	635
U+005764	坤	633
U+0082BD	芽	632
U+004FC4	俄	632
U+005BD3	寓	630
U+0077BB	瞻	630
U+0003BA	κ	629
U+006E0A	渊	629
U+0003C7	χ	628
U+007D0A	紊	627
U+009600	阀	627
U+004F10	伐	627
U+008776	蝶	626
U+006EDA	滚	625
U+006E23	渣	623
U+007FBD	羽	623
U+00575D	坝	623
U+005733	圳	622
U+00785D	硝	621
U+0072B9	犹	621
U+0080A9	肩	621
U+009E1F	鸟	617
U+005988	妈	616
U+0062CC	拌	615
U+008D3A	贺	611
U+008D24	贤	610
U+00043E	о	606
U+007262	牢	605
U+00626D	扭	605
U+005FD8	忘	601
U+00820D	舍	600
U+006170	慰	599
U+006DAF	涯	597
U+00743C	琼	597
U+008E1D	踝	597
U+0064CE	擎	595
U+006DA1	涡	595
U+005BE8	寨	594
U+00680F	栏	594
U+007384	玄	594
U+0083CA	菊	591
U+008C01	谁	589
U+007076	灶	589
U+006DD8	淘	589
U+0059A5	妥	587
U+0074F7	瓷	586
U+00533F	匿	586
U+0078B0	碰	585
U+006DD1	淑	585
U+008106	脆	585
U+002261	≡	583
U+006324	挤	582
U+008C6B	豫	582
U+004FDE	俞	582
U+009E21	鸡	581
U+006C1F	氟	580
U+009170	酰	579
U+0062B1	抱	579
U+0083B2	莲	579
U+00640F	搏	579
U+004E1B	丛	576
U+006CCA	泊	575
U+005F66	彦	575
U+00751C	甜	575
U+008FC8	迈	574
U+006447	摇	574
U+008C2D	谭	572
U+005BAA	宪	571
U+005E2D	席	571
U+00795B	祛	571
U+007B3C	笼	569
U+006905	椅	568
U+007426	琦	568
U+007EAC	纬	568
U+005BA0	宠	567
U+0084C9	蓉	566
U+005631	嘱	565
U+005524	唤	563
U+006C41	汁	562
U+009E7F	鹿	562
U+005C39	尹	561
U+0075EB	痫	560
U+006C40	汀	560
U+004F63	佣	559
U+0081C2	臂	559
U+0096EF	雯	559
U+0054EE	哮	559
U+005CB3	岳	558
U+0070E6	烦	556
U+005427	吧	555
U+008D64	赤	554
U+005F6C	彬	552
U+005D29	崩	552
U+00830E	茎	552
U+00795D	祝	551
U+005348	午	551
U+0051F9	凹	549
U+0080F1	胱	548
U+00629B	抛	546
U+004E54	乔	545
U+00538C	厌	544
U+007490	璐	543
U+00306E	の	543
U+00915A	酚	542
U+0075D5	痕	542
U+007A3B	稻	541
U+007EBA	纺	541
U+00859B	薛	540
U+005948	奈	540
U+0072D7	狗	539
U+0075B9	疹	538
U+005EC9	廉	536
U+0067AF	枯	535
U+00817F	腿	534
U+0096B6	隶	533
U+00852C	蔬	533
U+0081A8	膨	532
U+006DA8	涨	532
U+00739B	玛	531
U+00755C	畜	530
U+00970D	霍	528
U+004E18	丘	527
U+006389	掉	527
U+004F69	佩	526
U+0070F7	烷	524
U+007578	畸	524
U+00683D	栽	522
U+005320	匠	521
U+007F9F	羟	520
U+007FFC	翼	519
U+00806A	聪	516
U+0067EF	柯	514
U+008113	脓	513
U+005976	奶	513
U+0079C9	秉	512
U+0090B9	邹	512
U+0096D5	雕	510
U+0060A0	悠	509
U+0064B0	撰	509
U+008D6B	赫	509
U+00541E	吞	509
U+006015	怕	508
U+0053EB	叫	508
U+004E8F	亏	507
U+008328	茨	506
U+0003B6	ζ	505
U+0051C9	凉	505
U+006566	敦	504
U+00699C	榜	504
U+006DC6	淆	502
U+007FE0	翠	501
U+00762B	瘫	501
U+008DCC	跌	500
U+0065F1	旱	499
U+007EF5	绵	499
U+009525	锥	497
U+0052DF	募	497
U+007687	皇	497
U+002200	∀	496
U+009709	霉	495
U+005398	厘	493
U+008877	衷	491
U+006F02	漂	491
U+009038	逸	489
U+00888B	袋	489
U+00804A	聊	488
U+006602	昂	487
U+006012	怒	486
U+007FD4	翔	485
U+007A0D	稍	485
U+000430	а	485
U+0082F9	苹	484
U+005ED3	廓	482
U+0077AC	瞬	481
U+006F06	漆	481
U+007C07	簇	480
U+008000	耀	480
U+005766	坦	480
U+004EA9	亩	480
U+0052B2	劲	480
U+0085E4	藤	479
U+00632B	挫	479
U+00951A	锚	478
U+008270	艰	478
U+005949	奉	478
U+0003A6	Φ	478
U+002003	U+002003	478
U+000435	е	478
U+007261	牡	477
U+0070C2	烂	477
U+00828D	芍	476
U+00714C	煌	475
U+007CAA	粪	474
U+0075AE	疮	474
U+008BDE	诞	473
U+00039B	Λ	472
U+005ED6	廖	470
U+008236	舶	469
U+009489	钉	469
U+0095EA	闪	467
U+007AA6	窦	465
U+005367	卧	464
U+008302	茂	463
U+009887	颇	462
U+006500	攀	461
U+007816	砖	460
U+005428	吨	460
U+0094A6	钦	459
U+0062E8	拨	458
U+0094ED	铭	457
U+009A91	骑	457
U+007194	熔	454
U+0082D3	苓	454
U+005179	兹	453
U+0095EB	闫	453
U+005ACC	嫌	453
U+00517D	兽	453
U+005CAD	岭	452
U+0094A9	钩	452
U+00840E	萎	450
U+006CAB	沫	449
U+008E48	蹈	448
U+0060CA	惊	448
U+0054FA	哺	447
U+006749	杉	447
U+005455	呕	446
U+0062A2	抢	446
U+000438	и	446
U+008428	萨	444
U+008EBA	躺	444
U+006321	挡	443
U+0054E5	哥	443
U+00754F	畏	442
U+006D66	浦	442
U+0068AD	梭	441
U+00808B	肋	441
U+00766B	癫	440
U+0090B5	邵	439
U+004E22	丢	439
U+00996D	饭	438
U+007F1A	缚	438
U+0059D0	姐	437
U+005F26	弦	437
U+009ABC	骼	437
U+00629A	抚	437
U+004ED1	仑	437
U+006C57	汗	436
U+005531	唱	436
U+00777F	睿	435
U+005C51	屑	434
U+005446	呆	434
U+008FA3	辣	433
U+0090B1	邱	433
U+009F9A	龚	433
U+00857E	蕾	433
U+00543E	吾	432
U+007CA5	粥	428
U+006674	晴	427
U+0073BB	玻	427
U+0059AE	妮	427
U+0068C9	棉	426
U+005F79	役	425
U+007092	炒	425
U+006251	扑	424
U+00574A	坊	424
U+005180	冀	424
U+008587	薇	423
U+008774	蝴	421
U+006405	搅	420
U+00631B	挛	420
U+008F9F	辟	419
U+005938	夸	419
U+009521	锡	418
U+0062D8	拘	417
U+00654C	敌	416
U+003044	い	416
U+00988C	颌	414
U+004F50	佐	413
U+006C83	沃	413
U+006CAA	沪	412
U+0098A4	颤	411
U+0074DC	瓜	411
U+009C8D	鲍	411
U+007483	璃	409
U+0059B9	妹	408
U+006EB4	溴	408
U+0090DD	郝	407
U+005FCD	忍	407
U+009756	靖	406
U+007B52	筒	404
U+00598D	妍	404
U+008D2C	贬	404
U+005E06	帆	404
U+0082A9	芩	403
U+0099A8	馨	401
U+006655	晕	401
U+00680B	栋	400
U+0081ED	臭	399
U+00043D	н	399
U+00906E	遮	398
U+0063A9	掩	398
U+004FA6	侦	398
U+006C30	氰	398
U+009524	锤	398
U+00919B	醛	396
U+007CD9	糙	395
U+0062AC	抬	394
U+0054AA	咪	394
U+00300D	」	394
U+00543B	吻	393
U+009972	饲	393
U+0094B0	钰	393
U+004EAD	亭	392
U+005B6A	孪	392
U+008681	蚁	391
U+00903C	逼	391
U+00300C	「	391
U+00964C	陌	390
U+008F69	轩	389
U+0072C2	狂	387
U+009B3C	鬼	385
U+000393	Γ	385
U+002464	⑤	385
U+007CB9	粹	383
U+005197	冗	383
U+002131	ℱ	383
U+0058A9	墩	382
U+005E05	帅	382
U+0070C3	烃	381
U+005986	妆	381
U+008180	膀	380
U+0079BD	禽	380
U+005A67	婧	379
U+005144	兄	379
U+006E89	溉	377
U+006478	摸	377
U+008896	袖	377
U+002162	Ⅲ	376
U+006F20	漠	375
U+005A07	娇	375
U+006155	慕	375
U+006995	榕	375
U+004E7E	乾	375
U+000442	т	375
U+005E3D	帽	374
U+006912	椒	374
U+0072AC	犬	374
U+007F14	缔	373
U+0070E4	烤	373
U+00660A	昊	372
U+009042	遂	372
U+006760	杠	372
U+007626	瘦	371
U+0066DD	曝	369
U+004ED4	仔	369
U+005634	嘴	369
U+00756A	番	368
U+007CA4	粤	366
U+009ED4	黔	365
U+00662D	昭	364
U+007ADF	竟	363
U+0057C3	埃	363
U+006BFD	毽	363
U+0082CD	苍	362
U+005F04	弄	362
U+0003A0	Π	362
U+007B1B	笛	361
U+0057AB	垫	361
U+0067A3	枣	361
U+006151	慑	360
U+005421	吡	359
U+00787C	硼	358
U+0082D4	苔	358
U+0081E3	臣	357
U+0076D7	盗	357
U+0050F5	僵	356
U+00576A	坪	356
U+00723D	爽	355
U+005D1B	崛	355
U+005589	喉	354
U+00306B	に	354
U+00674F	杏	354
U+0062F1	拱	354
U+009ACB	髋	354
U+006E1D	渝	353
U+0088F9	裹	352
U+0077E2	矢	352
U+006F6D	潭	352
U+006FD2	濒	352
U+005146	兆	351
U+00745C	瑜	350
U+00838E	莎	348
U+005389	厉	347
U+008BFD	诽	346
U+008C24	谤	346
U+005ECA	廊	346
U+00900A	逊	345
U+008BE0	诠	345
U+007115	焕	344
U+005DF7	巷	344
U+00722C	爬	343
U+00692D	椭	341
U+006BC1	毁	341
U+00501A	倚	339
U+009502	锂	338
U+0075C9	痉	338
U+0067DC	柜	337
U+004F1E	伞	337
U+0098A0	颠	337
U+006BB7	殷	337
U+006A0A	樊	337
U+0055FD	嗽	337
U+00814A	腊	337
U+002161	Ⅱ	335
U+00978B	鞋	334
U+0052FE	勾	333
U+008BBD	讽	333
U+00831C	茜	331
U+008305	茅	331
U+008110	脐	331
U+0075D2	痒	329
U+005EF7	廷	329
U+008EAF	躯	329
U+005B62	孢	329
U+006DEE	淮	329
U+00592F	夯	329
U+0090A2	邢	328
U+00829D	芝	328
U+006615	昕	327
U+008339	茹	327
U+006B47	歇	327
U+00200B	U+00200B	327
U+002297	⊗	325
U+003010	【	325
U+003011	】	325
U+007272	牲	325
U+008FB0	辰	324
U+006096	悖	323
U+006572	敲	322
U+007EDE	绞	322
U+00731C	猜	321
U+00904F	遏	321
U+008292	芒	321
U+0065EC	旬	319
U+00867E	虾	318
U+002033	″	318
U+005F1B	弛	317
U+00308B	る	317
U+008D1E	贞	315
U+0054CC	哌	315
U+008352	荒	313
U+008721	蜡	313
U+0075B1	疱	312
U+005F5D	彝	312
U+0081B3	膳	311
U+0073AE	玮	311
U+007709	眉	311
U+005F64	彤	310
U+007FC1	翁	310
U+004EA2	亢	309
U+007410	琐	308
U+007504	甄	308
U+00714E	煎	308
U+00949B	钛	307
U+007F00	缀	307
U+005366	卦	306
U+00745A	瑚	305
U+008482	蒂	303
U+0096C1	雁	303
U+005A25	娥	302
U+00684C	桌	302
U+00502A	倪	302
U+00971C	霜	301
U+0055DC	嗜	301
U+008650	虐	301
U+009E64	鹤	301
U+00804B	聋	301
U+000441	с	301
U+005974	奴	300
U+005CE1	峡	300
U+006A61	橡	300
U+00644A	摊	299
U+0094F8	铸	299
U+00709C	炜	299
U+00304C	が	299
U+008393	莓	296
U+005A49	婉	295
U+00710A	焊	294
U+006656	晖	293
U+007949	祉	293
U+0070D8	烘	292
U+007750	睐	292
U+00817B	腻	292
U+006614	昔	291
U+005351	卑	291
U+008E81	躁	291
U+005F13	弓	291
U+009A73	驳	291
U+00832F	茯	290
U+00584C	塌	287
U+004ED5	仕	285
U+006124	愤	285
U+009E9F	麟	285
U+00635E	捞	284
U+005189	冉	284
U+005FD9	忙	284
U+0084B2	蒲	283
U+007A20	稠	282
U+005378	卸	282
U+008C26	谦	282
U+007AD6	竖	281
U+00730E	猎	280
U+0053A8	厨	279
U+004FED	俭	279
U+0094EC	铬	278
U+008936	褶	278
U+007199	熙	278
U+008155	腕	278
U+008403	萃	276
U+008346	荆	276
U+009540	镀	276
U+00607C	恼	276
U+004E08	丈	275
U+009530	锰	275
U+000440	р	275
U+005FCC	忌	274
U+00854A	蕊	274
U+00537F	卿	273
U+0090CE	郎	272
U+00803B	耻	272
U+0062F3	拳	270
U+009640	陀	270
U+007F9E	羞	270
U+005507	唇	269
U+007089	炉	268
U+005DE1	巡	268
U+006F84	澄	268
U+0057D4	埔	268
U+007487	璇	266
U+005439	吹	266
U+004F3D	伽	266
U+00554A	啊	265
U+0094A5	钥	265
U+006C8C	沌	264
U+00220F	∏	264
U+00707F	灿	264
U+007EF8	绸	264
U+007FDF	翟	264
U+005821	堡	263
U+0094C5	铅	263
U+006691	暑	263
U+0077E3	矣	263
U+006A59	橙	263
U+005A46	婆	262
U+006208	戈	261
U+006805	栅	261
U+007898	碘	261
U+00727A	牺	260
U+0061A9	憩	260
U+002229	∩	259
U+0003A8	Ψ	259
U+006DE4	淤	259
U+00535C	卜	258
U+007980	禀	257
U+0051B6	冶	256
U+008D63	赣	256
U+0082A6	芦	255
U+006292	抒	255
U+007A8D	窍	255
U+00540A	吊	255
U+0072FC	狼	254
U+00901D	逝	254
U+00775B	睛	254
U+008A79	詹	254
U+006C5D	汝	254
U+007A83	窃	254
U+008D2E	贮	253
U+009798	鞘	252
U+005C61	屡	252
U+0094F5	铵	251
U+006795	枕	251
U+00803F	耿	250
U+0082B9	芹	250
U+003068	と	250
U+008BF5	诵	250
U+006652	晒	249
U+005E99	庙	249
U+0054B8	咸	249
U+00987D	顽	248
U+007EF3	绳	248
U+005580	喀	248
U+0052CB	勋	247
U+0064C5	擅	247
U+007985	禅	247
U+007238	爸	247
U+006DF3	淳	246
U+00809B	肛	246
U+0094A7	钧	245
U+002606	☆	245
U+000432	в	245
U+005E42	幂	244
U+008042	聂	244
U+008E0F	踏	244
U+007C27	簧	242
U+005582	喂	242
U+0070B3	炳	242
U+006F47	潇	241
U+0059A8	妨	241
U+0080EB	胫	241
U+003092	を	241
U+007BAD	箭	240
U+005A18	娘	240
U+008C41	豁	240
U+0079B9	禹	240
U+008D2A	贪	239
U+008C0A	谊	239
U+008475	葵	239
U+006D74	浴	238
U+006850	桐	238
U+0054AF	咯	238
U+005DCD	巍	237
U+0095F7	闷	237
U+007ECE	绎	237
U+00559D	喝	236
U+00828E	芎	236
U+00043A	к	236
U+0085C9	藉	235
U+006C9B	沛	235
U+004E11	丑	235
U+008230	舰	235
U+005077	偷	235
U+008F7C	轼	235
U+008153	腓	235
U+009F0E	鼎	234
U+005DFE	巾	234
U+00602A	怪	234
U+0082D1	苑	234
U+008C23	谣	233
U+007B0B	笋	233
U+006816	栖	232
U+008513	蔓	232
U+007F55	罕	232
U+007F69	罩	232
U+006367	捧	232
U+0076FC	盼	231
U+009773	靳	231
U+0087F9	蟹	230
U+006CFC	泼	230
U+008D41	赁	230
U+0072F1	狱	230
U+008118	脘	230
U+0066E6	曦	229
U+008FB1	辱	228
U+0067AB	枫	228
U+007729	眩	228
U+004F3A	伺	226
U+0078A7	碧	226
U+009601	阁	226
U+005401	吁	226
U+008231	舱	226
U+0094C3	铃	226
U+005893	墓	225
U+006C72	汲	225
U+006452	摒	224
U+0055EA	嗪	224
U+006CF3	泳	224
U+007470	瑰	223
U+008E74	蹴	222
U+005F27	弧	222
U+006E5B	湛	221
U+0088D4	裔	221
U+004EB5	亵	221
U+000434	д	221
U+0094C2	铂	220
U+0088F8	裸	220
U+0053D4	叔	220
U+0068F1	棱	219
U+0079C6	秆	219
U+007AA5	窥	219
U+005E1C	帜	218
U+0079E7	秧	218
U+007455	瑕	218
U+00594E	奎	217
U+007A9D	窝	216
U+006735	朵	215
U+005E27	帧	215
U+003067	で	214
U+00832B	茫	213
U+00222A	∪	213
U+005C27	尧	213
U+00950C	锌	213
U+0061C8	懈	213
U+0070AE	炮	213
U+009177	酷	212
U+008C1A	谚	212
U+0075B5	疵	212
U+0082AD	芭	212
U+007FC5	翅	211
U+0083C1	菁	211
U+005962	奢	211
U+002218	∘	210
U+00620A	戊	210
U+009A86	骆	210
U+0062EE	拮	210
U+009A70	驰	210
U+005349	卉	210
U+005549	啉	210
U+007325	猥	210
U+006E1A	渚	210
U+00043B	л	210
U+002583	▃	209
U+00918B	醋	209
U+005BE1	寡	209
U+006590	斐	209
U+0060DC	惜	208
U+009631	阱	208
U+005A03	娃	208
U+0097A0	鞠	207
U+0053F9	叹	207
U+007B90	箐	207
U+0079F8	秸	206
U+00759D	疝	206
U+002582	▂	205
U+0068DA	棚	205
U+009E2D	鸭	205
U+004FA3	侣	204
U+005B75	孵	204
U+0051D1	凑	203
U+0080DA	胚	203
U+007619	瘙	203
U+006C70	汰	203
U+007237	爷	203
U+0075F4	痴	202
U+0003A3	Σ	202
U+009505	锅	201
U+006241	扁	201
U+0053A5	厥	201
U+00747E	瑾	201
U+0083CF	菏	200
U+00529D	劝	200
U+005954	奔	200
U+005C2C	尬	200
U+00989E	颞	200
U+00919A	醚	200
U+008340	荀	199
U+0094BC	钼	199
U+005A55	婕	199
U+008D76	赶	199
U+008327	茧	199
U+006DC4	淄	198
U+00655E	敞	198
U+005D2D	崭	198
U+009738	霸	198
U+005AC1	嫁	197
U+0053A6	厦	197
U+003066	て	197
U+0060D5	惕	196
U+0054E9	哩	196
U+00753E	甾	196
U+009611	阑	196
U+006CB8	沸	195
U+009A82	骂	195
U+006DA9	涩	195
U+007F38	缸	194
U+006284	抄	194
U+004E52	乒	194
U+004E53	乓	194
U+009063	遣	194
U+0073A5	玥	193
U+007BE1	篡	193
U+005BFA	寺	193
U+00954D	镍	193
U+0054C0	哀	192
U+009716	霖	192
U+006247	扇	192
U+007F20	缠	192
U+0082B8	芸	192
U+00886C	衬	191
U+007A46	穆	191
U+005151	兑	191
U+000398	Θ	190
U+00796D	祭	190
U+0059D1	姑	190
U+005203	刃	190
U+005A05	娅	190
U+009B54	魔	190
U+007618	瘘	189
U+005154	兔	189
U+006EC1	滁	189
U+0051A5	冥	188
U+004FEF	俯	188
U+0066A8	暨	188
U+007FF0	翰	188
U+00752B	甫	188
U+007941	祁	187
U+009CDE	鳞	187
U+006868	桨	187
U+0094B4	钴	187
U+007BEE	篮	186
U+008D29	贩	186
U+005C9A	岚	185
U+006454	摔	185
U+0085AF	薯	185
U+008304	茄	185
U+00210D	ℍ	185
U+002190	←	185
U+00851A	蔚	184
U+007693	皓	184
U+006DC7	淇	184
U+0088F4	裴	183
U+009541	镁	183
U+00515C	兜	183
U+0051FF	凿	183
U+00043C	м	183
U+007682	皂	182
U+00841D	萝	182
U+007ED1	绑	181
U+00621A	戚	181
U+005BB0	宰	181
U+006893	梓	181
U+007622	瘢	181
U+00541F	吟	181
U+004F97	侗	181
U+0091C9	釉	181
U+0075D4	痔	181
U+0096C0	雀	180
U+005188	冈	180
U+006A84	檄	180
U+0062D0	拐	179
U+0068D8	棘	179
U+008D61	赡	179
U+002160	Ⅰ	179
U+0073C2	珂	179
U+00305F	た	179
U+0094F0	铰	178
U+006068	恨	178
U+003057	し	178
U+007A57	穗	178
U+0062B9	抹	177
U+00715C	煜	177
U+0061BE	憾	177
U+008782	螂	177
U+006CA6	沦	176
U+00716E	煮	176
U+0082DB	苛	176
U+0086C7	蛇	176
U+00306A	な	176
U+007CDF	糟	175
U+0054D4	哔	175
U+0087F3	蟳	175
U+000443	у	175
U+006101	愁	174
U+0079FD	秽	173
U+006DA4	涤	173
U+008036	耶	173
U+006DFC	淼	173
U+006F31	漱	173
U+009CCD	鳍	173
U+002286	⊆	171
U+006986	榆	171
U+0082C8	苈	171
U+006DEB	淫	171
U+009F9F	龟	171
U+008476	葶	171
U+006A97	檗	171
U+00777E	睾	170
U+0086CE	蛎	170
U+00725F	牟	170
U+0068CB	棋	170
U+005955	奕	169
U+00522E	刮	169
U+007E82	纂	169
U+008723	蜣	169
U+0094AE	钮	168
U+008086	肆	168
U+00582A	堪	168
U+0072C4	狄	168
U+000107	ć	167
U+006930	椰	167
U+000251	ɑ	167
U+006657	晗	166
U+00741B	琛	166
U+00641E	搞	166
U+00841C	萜	166
U+006A31	樱	166
U+00306F	は	166
U+0002D0	ː	166
U+005D16	崖	165
U+002102	ℂ	165
U+003008	〈	165
U+003009	〉	165
U+0083AA	莪	165
U+0078FA	磺	164
U+002465	⑥	164
U+0095F9	闹	164
U+008702	蜂	164
U+008682	蚂	164
U+0059E3	姣	164
U+0075E4	痤	164
U+0094C0	铀	164
U+0083C7	菇	164
U+002124	ℤ	163
U+0086B6	蚶	163
U+0003F5	ϵ	163
U+00745B	瑛	163
U+00679A	枚	163
U+002248	≈	162
U+006028	怨	162
U+008098	肘	162
U+00968B	隋	162
U+00871C	蜜	162
U+0059EC	姬	162
U+006CBC	沼	162
U+00014B	ŋ	161
U+009508	锈	160
U+00997C	饼	160
U+0067E0	柠	160
U+00837C	荼	160
U+006EE9	滩	160
U+008167	腧	160
U+00272C	✬	160
U+008D4E	赎	159
U+008BC0	诀	159
U+0068D5	棕	159
U+006654	晔	159
U+00633A	挺	159
U+0017D2	្	159
U+00780C	砌	158
U+006C5E	汞	158
U+008D5A	赚	158
U+0053DB	叛	158
U+0098D8	飘	158
U+005BC2	寂	158
U+006328	挨	158
U+0094C6	铆	158
U+005464	呤	157
U+0059D7	姗	157
U+00607A	恺	157
U+0067AA	枪	157
U+006CF8	泸	157
U+007837	砷	157
U+0065A4	斤	156
U+00660F	昏	156
U+00835F	荟	156
U+006084	悄	156
U+00846C	葬	156
U+004FA0	侠	156
U+009C88	鲈	155
U+007099	炙	155
U+006800	栀	154
U+007960	祠	154
U+008815	蠕	154
U+008427	萧	154
U+006841	桁	154
U+006ED5	滕	153
U+002112	ℒ	153
U+009549	镉	153
U+0070E8	烨	153
U+006EC7	滇	153
U+006E32	渲	152
U+006666	晦	152
U+0070F9	烹	152
U+008338	茸	152
U+0076B1	皱	151
U+0073C0	珀	151
U+008431	萱	150
U+0086D9	蛙	150
U+005984	妄	150
U+009A9A	骚	149
U+0084D3	蓓	149
U+00520D	刍	149
U+00535F	卟	149
U+00304B	か	149
U+00916A	酪	148
U+005018	倘	148
U+007984	禄	148
U+006861	桡	147
U+007130	焰	147
U+009150	酐	147
U+00949D	钝	147
U+00044C	ь	147
U+006C7E	汾	146
U+008983	覃	146
U+002282	⊂	145
U+008F6D	轭	145
U+00745F	瑟	145
U+0069D0	槐	145
U+006E9F	溟	145
U+0069AB	榫	144
U+00025B	ɛ	144
U+00536F	卯	143
U+005915	夕	143
U+008188	膈	143
U+006323	挣	143
U+0060DF	惟	143
U+00212C	ℬ	143
U+0052C9	勉	142
U+0080ED	胭	142
U+005BB4	宴	141
U+00997F	饿	141
U+0070C1	烁	141
U+006F9C	澜	141
U+006CFE	泾	141
U+005983	妃	141
U+002113	ℓ	140
U+004EA8	亨	140
U+007281	犁	140
U+006631	昱	140
U+005F6A	彪	140
U+006FE1	濡	140
U+006C55	汕	140
U+005576	啶	139
U+00722A	爪	139
U+005288	劈	139
U+006BD3	毓	139
U+007948	祈	138
U+008910	褐	138
U+009882	颂	138
U+0076CF	盏	138
U+0077A9	瞩	137
U+008944	襄	137
U+006D3D	洽	137
U+007A9F	窟	137
U+007F81	羁	137
U+008845	衅	136
U+004F88	侈	136
U+007FA7	羧	136
U+007D6E	絮	136
U+0090CA	郊	136
U+004FAE	侮	136
U+0077EE	矮	136
U+004F8F	侏	136
U+0051A4	冤	135
U+0059DD	姝	135
U+006016	怖	135
U+0060AF	悯	135
U+0071B9	熹	135
U+000259	ə	135
U+006D12	洒	134
U+009A8F	骏	134
U+0022F1	⋱	133
U+006AAC	檬	133
U+0073AB	玫	133
U+009965	饥	133
U+006B6A	歪	133
U+007EE5	绥	133
U+00044F	я	133
U+006EBA	溺	132
U+009A9E	骞	132
U+00831A	茚	132
U+00858F	薏	131
U+006D51	浑	130
U+006094	悔	130
U+007109	焉	130
U+0082A5	芥	130
U+0054ED	哭	130
U+0050B2	傲	130
U+00211C	ℜ	130
U+000131	ı	129
U+00707C	灼	129
U+0095FD	闽	129
U+008D4C	赌	129
U+005440	呀	129
U+003063	っ	129
U+004FF3	俳	129
U+00210F	ℏ	128
U+007C7D	籽	128
U+005E9A	庚	128
U+008171	腱	128
U+002163	Ⅳ	128
U+00210B	ℋ	127
U+007F06	缆	127
U+0082B7	芷	127
U+004EC7	仇	127
U+0060E8	惨	127
U+00614C	慌	127
U+009704	霄	127
U+009976	饶	127
U+006D9D	涝	127
U+0017B6	ា	127
U+007572	畲	126
U+00978D	鞍	126
U+006D47	浇	126
U+005A34	娴	126
U+0068A8	梨	126
U+006D5C	浜	126
U+0097EC	韬	125
U+007EB1	纱	125
U+008D50	赐	125
U+008438	萸	125
U+00914C	酌	125
U+008717	蜗	125
U+0062FE	拾	125
U+005CB1	岱	125
U+008A48	詈	125
U+008FC4	迄	124
U+008D74	赴	124
U+00574E	坎	124
U+0060B8	悸	124
U+0017B8	ី	124
U+006808	栈	123
U+0051F0	凰	123
U+009877	顷	123
U+00548F	咏	123
U+005384	厄	123
U+007A91	窑	123
U+006C81	沁	122
U+005937	夷	122
U+009022	逢	122
U+006BBF	殿	122
U+00961C	阜	122
U+002213	∓	122
U+0091B4	醴	122
U+006CEA	泪	121
U+006E4D	湍	121
U+00611A	愚	121
U+005578	啸	121
U+006876	桶	121
U+002299	⊙	121
U+007B8D	箍	120
U+00560C	嘌	120
U+00663C	昼	120
U+0075AF	疯	120
U+0079BE	禾	120
U+009E3D	鸽	120
U+007ED2	绒	119
U+00948A	钊	119
U+00647D	摽	119
U+0077A7	瞧	119
U+0085DC	藜	118
U+0025B3	△	118
U+0054DA	哚	118
U+005432	吲	118
U+00776B	睫	118
U+0078CB	磋	118
U+009619	阙	118
U+005A9A	媚	118
U+00553E	唾	117
U+008299	芙	117
U+0067C4	柄	117
U+005BE5	寥	117
U+00567B	噻	117
U+005450	呐	117
U+00043F	п	117
U+006F2A	漪	116
U+007978	祸	116
U+009EDB	黛	116
U+006E85	溅	116
U+006A58	橘	116
U+00996A	饪	116
U+00917F	酿	115
U+0061FF	懿	115
U+008F9C	辜	115
U+007897	碗	115
U+003059	す	115
U+003042	あ	115
U+00765C	癜	115
U+005395	厕	114
U+007792	瞒	114
U+007334	猴	114
U+0051F6	凶	113
U+006320	挠	113
U+00633D	挽	113
U+008F76	轶	113
U+00962E	阮	113
U+009661	陡	113
U+005632	嘲	113
U+004F8D	侍	112
U+0068F5	棵	112
U+007CD5	糕	112
U+007538	甸	112
U+0095F5	闵	112
U+003046	う	112
U+008DE4	跤	112
U+006687	暇	111
U+006CD3	泓	111
U+008B6C	譬	111
U+00711A	焚	111
U+005BB8	宸	111
U+0067B8	枸	111
U+0085FF	藿	111
U+002228	∨	111
U+0058F6	壶	111
U+00998F	馏	110
U+005B5C	孜	110
U+003082	も	110
U+008A9E	語	110
U+005583	喃	109
U+007F2A	缪	109
U+008700	蜀	109
U+008912	褒	109
U+001794	ប	109
U+006495	撕	108
U+005A04	娄	108
U+0003C5	υ	108
U+008418	萘	108
U+006492	撒	107
U+00783E	砾	107
U+00797A	祺	107
U+004F83	侃	107
U+009A7C	驼	107
U+00558A	喊	107
U+0058C5	壅	107
U+0055B9	喹	106
U+00606D	恭	106
U+006346	捆	106
U+007EBE	纾	106
U+005C34	尴	106
U+0094CB	铋	106
U+0076BF	皿	106
U+0067B3	枳	106
U+005BF0	寰	106
U+006829	栩	105
U+00903E	逾	105
U+0063FF	揿	105
U+009761	靡	105
U+00865E	虞	105
U+0062E3	拣	105
U+0067EC	柬	105
U+007940	祀	104
U+00631A	挚	104
U+005BD0	寐	104
U+006DF9	淹	104
U+006289	抉	104
U+003089	ら	104
U+00039E	Ξ	104
U+008F99	辙	103
U+0062EF	拯	103
U+0050DA	僚	103
U+006F13	漓	103
U+008C1C	谜	103
U+0055C5	嗅	103
U+0055A7	喧	103
U+002119	ℙ	102
U+005C94	岔	102
U+0059E8	姨	102
U+0073FA	珺	102
U+005DEB	巫	102
U+003053	こ	102
U+006977	楷	101
U+00960E	阎	101
U+0054D1	哑	101
U+006BCB	毋	101
U+007FD8	翘	101
U+0003A4	Τ	101
U+005239	刹	101
U+0095EF	闯	101
U+000437	з	101
U+00044B	ы	101
U+000431	б	101
U+0066D9	曙	100
U+009602	阂	100
U+006C5B	汛	100
U+005566	啦	100
U+00761F	瘟	100
U+0050E7	僧	100
U+000439	й	100
U+0070D9	烙	99
U+0075C8	痈	99
U+005586	喆	99
U+008D58	赘	99
U+00900D	逍	99
U+00308C	れ	99
U+00587E	塾	99
U+008BD9	诙	99
U+008568	蕨	99
U+001798	ម	99
U+005C60	屠	98
U+0097F6	韶	98
U+005BC5	寅	98
U+0070EB	烫	98
U+00683E	栾	98
U+008331	茱	98
U+006756	杖	98
U+007145	煅	98
U+0054AC	咬	98
U+009A6F	驯	98
U+008132	脲	97
U+0063FD	揽	97
U+005364	卤	97
U+0056FF	囿	97
U+008695	蚕	97
U+005CE8	峨	97
U+005413	吓	96
U+00658B	斋	96
U+00544B	呋	96
U+00632A	挪	96
U+00601C	怜	96
U+0082AE	芮	96
U+007B71	筱	96
U+005C38	尸	96
U+00846B	葫	96
U+0075B8	疸	96
U+0077FE	矾	95
U+008335	茵	95
U+00631F	挟	95
U+0080CD	胍	95
U+00664F	晏	95
U+003093	ん	95
U+00178F	ត	95
U+006380	掀	94
U+0077B3	瞳	94
U+0062E2	拢	94
U+005435	吵	94
U+00560E	嘎	94
U+00684E	桎	93
U+00688F	梏	93
U+0064BC	撼	93
U+009E70	鹰	93
U+0089D1	觑	93
U+008537	蔷	93
U+00988A	颊	93
U+000433	г	93
U+0017BC	ូ	93
U+004FD0	俐	92
U+0063A0	掠	92
U+006CA7	沧	92
U+008BEB	诫	92
U+005A29	娩	92
U+002193	↓	92
U+007119	焙	92
U+0061D2	懒	92
U+0081FB	臻	92
U+00307E	ま	92
U+0002B0	ʰ	92
U+007131	焱	91
U+0081A6	膦	91
U+009685	隅	91
U+009774	靴	91
U+005815	堕	91
U+00545B	呛	91
U+00304F	く	91
U+003060	だ	91
U+000447	ч	91
U+0082DF	苟	90
U+00701A	瀚	90
U+0075BD	疽	90
U+005B9B	宛	90
U+009647	陇	90
U+0057E0	埠	89
U+0069A8	榨	89
U+005A75	婵	89
U+005824	堤	89
U+009493	钓	89
U+009975	饵	88
U+00308A	り	88
U+007C95	粕	88
U+0057A2	垢	88
U+008205	舅	88
U+001784	ង	88
U+00634F	捏	87
U+004ED7	仗	87
U+0097AD	鞭	87
U+006168	慨	87
U+009698	隘	87
U+009890	颐	87
U+0096CF	雏	87
U+0086EE	蛮	87
U+0071AC	熬	87
U+005830	堰	87
U+007901	礁	87
U+0075E7	痧	87
U+005A6A	婪	86
U+005321	匡	86
U+007852	硒	86
U+00305D	そ	86
U+00227A	≺	86
U+009074	遴	85
U+008C79	豹	85
U+006E0D	渍	85
U+0054E8	哨	85
U+0094B5	钵	85
U+0056BC	嚼	85
U+0088E4	裤	85
U+0075DE	痞	85
U+007696	皖	84
U+0050FB	僻	84
U+003014	〔	84
U+009E45	鹅	84
U+007430	琰	84
U+005760	坠	84
U+008862	衢	84
U+0096CD	雍	84
U+008368	荨	84
U+007766	睦	83
U+002227	∧	83
U+002191	↑	83
U+0069B7	榷	83
U+008087	肇	83
U+005AC2	嫂	83
U+0065F7	旷	83
U+008D31	贱	83
U+003015	〕	83
U+009ACC	髌	83
U+00780D	砍	83
U+00516E	兮	83
U+007A1A	稚	83
U+009CB8	鲸	83
U+0089C5	觅	83
U+00728D	犍	83
U+0097ED	韭	83
U+005D0E	崎	82
U+007678	癸	82
U+008D5F	赟	82
U+006E24	渤	82
U+0081E7	臧	82
U+004F51	佑	82
U+008E44	蹄	82
U+008760	蝠	82
U+0085D3	藓	82
U+00561B	嘛	82
U+00FF64	､	82
U+006714	朔	82
U+002220	∠	81
U+00540F	吏	81
U+0062E6	拦	81
U+005319	匙	81
U+007CE0	糠	81
U+007FA1	羡	81
U+006E2D	渭	81
U+009E26	鸦	81
U+00531D	匝	81
U+0057A9	垩	81
U+00011F	ğ	80
U+0068B5	梵	80
U+00964B	陋	80
U+0071A0	熠	80
U+002466	⑦	80
U+007F62	罢	80
U+005CE5	峥	80
U+00675E	杞	80
U+008511	蔑	80
U+005AE9	嫩	80
U+006A3D	樽	80
U+007C91	粑	80
U+001793	ន	80
U+00952F	锯	79
U+00821C	舜	79
U+00673D	朽	79
U+004F36	伶	79
U+007A3D	稽	79
U+0056DA	囚	79
U+0069B4	榴	79
U+0070BD	炽	79
U+009119	鄙	79
U+005492	咒	79
U+001780	ក	79
U+007A98	窘	78
U+00665F	晟	78
U+00829C	芜	78
U+0060F0	惰	78
U+005480	咀	78
U+0060BC	悼	77
U+006F4D	潍	77
U+006127	愧	77
U+006B49	歉	77
U+009B41	魁	77
U+002205	∅	77
U+003088	よ	77
U+006CD7	泗	77
U+008DCB	跋	77
U+002295	⊕	76
U+0021D2	⇒	76
U+007235	爵	76
U+008165	腥	76
U+0052FF	勿	76
U+007C9F	粟	76
U+00888D	袍	76
U+00886B	衫	76
U+0057A3	垣	76
U+0082CE	苎	76
U+000253	ɓ	76
U+005A36	娶	75
U+006467	摧	75
U+009B44	魄	75
U+0075CA	痊	75
U+008247	艇	75
U+006A50	橐	75
U+005323	匣	75
U+007BF1	篱	75
U+008F67	轧	74
U+00800D	耍	74
U+0086DB	蛛	74
U+00891A	褚	74
U+008116	脖	74
U+008517	蔗	74
U+008C1F	谟	74
U+0073BA	玺	73
U+00627C	扼	73
U+00634D	捍	73
U+00955F	镟	73
U+0075EA	痪	72
U+0054B1	咱	72
U+00794E	祎	72
U+009576	镶	72
U+0084BF	蒿	72
U+0086D4	蛔	72
U+004FA8	侨	71
U+00606A	恪	71
U+007F15	缕	71
U+0057A6	垦	71
U+008D81	趁	71
U+008160	腠	71
U+0072E9	狩	71
U+005B17	嬗	71
U+006D52	浒	71
U+005E90	庐	71
U+00763F	瘿	71
U+007280	犀	70
U+0072EE	狮	70
U+002209	∉	70
U+007EDA	绚	70
U+0063C9	揉	70
U+0068E0	棠	70
U+007166	煦	70
U+009171	酱	70
U+0085E9	藩	70
U+009AC5	髅	70
U+002130	ℰ	70
U+009CBC	鲼	70
U+00010D	č	69
U+008C0E	谎	69
U+00892A	褪	69
U+0053A2	厢	69
U+0074A8	璨	69
U+00839E	莞	69
U+00574D	坍	69
U+0063E3	揣	69
U+002053	⁓	69
U+006F29	漩	69
U+006479	摹	69
U+00902E	逮	69
U+0086FE	蛾	69
U+008235	舵	68
U+004EC6	仆	68
U+0081C0	臀	68
U+00749F	璟	68
U+0021D4	⇔	68
U+00809A	肚	68
U+008749	蝉	68
U+008317	茗	68
U+009149	酉	67
U+005E87	庇	67
U+007F05	缅	67
U+0083F1	菱	67
U+0088D9	裙	67
U+0066AE	暮	67
U+006C82	沂	67
U+00759F	疟	67
U+0090AF	邯	67
U+00606C	恬	67
U+009AB7	骷	67
U+0002A7	ʧ	67
U+0083A0	莠	67
U+009F8B	龋	66
U+008C49	豉	66
U+008BFF	诿	66
U+009E92	麒	66
U+0070AB	炫	66
U+009893	颓	66
U+004F7C	佼	66
U+0090F8	郸	66
U+00868C	蚌	66
U+005773	坳	66
U+003055	さ	66
U+008148	腈	66
U+0002A8	ʨ	66
U+00179A	រ	66
U+007094	炔	65
U+009A84	骄	65
U+008C2C	谬	65
U+00576F	坯	65
U+007825	砥	65
U+0077BF	瞿	65
U+0068A2	梢	65
U+006F7C	潼	65
U+00816D	腭	65
U+006D3C	洼	65
U+00696E	楮	65
U+00572A	圪	65
U+00915E	酞	64
U+009506	锆	64
U+00535E	卞	64
U+007779	睹	64
U+0088E8	裨	64
U+0030F3	ン	64
U+009E20	鸠	64
U+006C76	汶	64
U+0073CF	珏	64
U+008E22	踢	64
U+00814B	腋	64
U+005E16	帖	64
U+008F70	轰	64
U+005201	刁	64
U+0072D0	狐	64
U+004FE9	俩	64
U+006E9C	溜	64
U+0017A2	អ	64
U+005C91	岑	63
U+0090AC	邬	63
U+006866	桦	63
U+0056A3	嚣	63
U+0030FC	ー	63
U+0086ED	蛭	63
U+009CB5	鲵	63
U+000436	ж	63
U+007F2E	缮	62
U+006055	恕	62
U+007CDC	糜	62
U+00579A	垚	62
U+00949E	钞	62
U+007428	琨	62
U+008D3C	贼	62
U+007EC5	绅	62
U+00B9C8	마	62
U+008F7F	轿	62
U+006A7C	橼	62
U+0098A1	颡	62
U+006C26	氦	62
U+0095F8	闸	61
U+0060EB	惫	61
U+002020	†	61
U+0082C7	苇	61
U+007784	瞄	61
U+00973E	霾	61
U+009083	邃	61
U+0053E9	叩	61
U+00300E	『	61
U+00300F	』	61
U+006CE3	泣	61
U+0078BE	碾	60
U+008DBE	趾	60
U+006817	栗	60
U+00015F	ş	60
U+006854	桔	60
U+004E5E	乞	60
U+00602F	怯	60
U+006627	昧	60
U+005BDD	寝	60
U+00C74C	음	60
U+005564	啤	60
U+001787	ជ	60
U+005C09	尉	59
U+005AC9	嫉	59
U+005BC7	寇	59
U+0062ED	拭	59
U+005475	呵	59
U+000142	ł	59
U+007F8C	羌	59
U+007EEE	绮	59
U+003064	つ	59
U+005BDE	寞	59
U+004EC4	仄	59
U+006942	楂	59
U+0051C4	凄	59
U+006C90	沐	59
U+008747	蝇	59
U+00179B	ល	59
U+006DEC	淬	58
U+007B03	笃	58
U+00749E	璞	58
U+009753	靓	58
U+009AC2	髂	58
U+008018	耘	58
U+009E6D	鹭	58
U+002030	‰	58
U+00626F	扯	58
U+000445	х	58
U+001D00	ᴀ	58
U+009CC3	鳃	57
U+008046	聆	57
U+00895F	襟	57
U+0068A7	梧	57
U+007ECA	绊	57
U+006CAE	沮	57
U+0091DC	釜	57
U+009522	锢	57
U+006D85	涅	57
U+006ED4	滔	57
U+006F74	潴	57
U+006233	戳	57
U+0075E2	痢	57
U+006726	朦	57
U+008BC5	诅	57
U+000261	ɡ	57
U+005AB3	媳	56
U+00759A	疚	56
U+008EB2	躲	56
U+0057AE	垮	56
U+00796F	祯	56
U+008C34	谴	56
U+005C82	岂	56
U+004F5F	佟	56
U+0080E5	胥	56
U+0095FA	闺	56
U+0069F2	槲	56
U+004F0E	伎	56
U+006410	搐	56
U+00731D	猝	56
U+005A23	娣	56
U+005627	嘧	55
U+006A71	橱	55
U+007F79	罹	55
U+005E18	帘	55
U+006556	敖	55
U+005C79	屹	55
U+00783A	砺	55
U+007B5D	筝	55
U+000448	ш	55
U+005807	堇	55
U+001799	យ	55
U+008549	蕉	54
U+0096BD	隽	54
U+000144	ń	54
U+0071A8	熨	54
U+0054C9	哉	54
U+009AB6	骶	54
U+008715	蜕	54
U+003007	〇	54
U+009A7F	驿	54
U+00843C	萼	54
U+0003A1	Ρ	54
U+009E25	鸥	54
U+0052AB	劫	53
U+006FEE	濮	53
U+007422	琢	53
U+00836B	荫	53
U+002467	⑧	53
U+0030A4	イ	53
U+003048	え	53
U+005992	妒	52
U+00FF0E	．	52
U+006643	晃	52
U+006862	桢	52
U+006401	搁	52
U+0070DB	烛	52
U+00853A	蔺	52
U+005BB5	宵	52
U+0073D1	珑	52
U+008EAC	躬	52
U+006C3E	氾	52
U+00B2E4	다	52
U+007605	瘅	52
U+00589F	墟	52
U+006BB4	殴	51
U+0054E6	哦	51
U+009091	邑	51
U+008FE5	迥	51
U+00748B	璋	51
U+0059A4	妤	51
U+004F58	佘	51
U+005608	嘈	50
U+005E10	帐	50
U+009F88	龈	50
U+0072E0	狠	50
U+005EB6	庶	50
U+00508D	傍	50
U+006853	桓	50
U+009A6D	驭	49
U+008D3B	贻	49
U+007480	璀	49
U+0070AC	炬	49
U+008F8A	辊	49
U+009AA5	骥	49
U+007A9C	窜	49
U+006E43	湃	49
U+004EDD	仝	49
U+0090E1	郡	49
U+008C35	谵	49
U+009122	鄢	49
U+0030A2	ア	49
U+005703	圃	49
U+008D53	赓	49
U+007FF3	翳	49
U+0082E1	苡	49
U+0025CF	●	49
U+00826E	艮	49
U+005941	奁	49
U+005457	呗	48
U+0055E3	嗣	48
U+006F8E	澎	48
U+007A3C	稼	48
U+00304A	お	48
U+0062A8	抨	48
U+007EFD	绽	48
U+005F67	彧	48
U+0055EF	嗯	48
U+005BA6	宦	48
U+0090E7	郧	48
U+005D52	嵒	48
U+00304D	き	48
U+007A70	穰	48
U+008392	莒	48
U+002585	▅	47
U+0030C8	ト	47
U+004FE8	俨	47
U+005803	堃	47
U+008A93	誓	47
U+00548E	咎	47
U+006EE2	滢	47
U+006A80	檀	47
U+005B09	嬉	47
U+006600	昀	47
U+0062F7	拷	47
U+008C1B	谛	47
U+008C4C	豌	47
U+009A81	骁	47
U+0094EE	铮	47
U+0075FF	痿	47
U+007AFF	竿	47
U+00179F	ស	47
U+00FF0B	＋	46
U+0065A9	斩	46
U+007011	瀑	46
U+0082C4	苄	46
U+0067B7	枷	46
U+007838	砸	46
U+008301	茁	46
U+0030B9	ス	46
U+006CBE	沾	46
U+005D58	嵘	46
U+005B95	宕	46
U+005DC5	巅	46
U+006D31	洱	46
U+00848C	蒌	46
U+008611	蘑	46
U+000101	ā	46
U+002115	ℕ	45
U+008471	葱	45
U+004E1E	丞	45
U+0083BA	莺	45
U+0075D8	痘	45
U+008E29	踩	45
U+00FF0D	－	45
U+00717D	煽	45
U+005E37	帷	45
U+008FF8	迸	45
U+009E93	麓	45
U+009497	钗	45
U+006063	恣	45
U+004FCF	俏	45
U+005565	啥	45
U+0067D1	柑	45
U+005CED	峭	45
U+0062C7	拇	45
U+0050A3	傣	45
U+007889	碉	44
U+00849C	蒜	44
U+006789	枉	44
U+007184	熄	44
U+006B46	歆	44
U+00223C	∼	44
U+002245	≅	44
U+00FF09	）	44
U+00541D	吝	44
U+0054D7	哗	44
U+005570	啰	44
U+00307F	み	44
U+0065A1	斡	44
U+000294	ʔ	44
U+0022A5	⊥	43
U+007B60	筠	43
U+008822	蠢	43
U+008BE3	诣	43
U+0060F9	惹	43
U+0065FB	旻	43
U+006254	扔	43
U+007554	畔	43
U+00557C	啼	43
U+007CC5	糅	43
U+008D5C	赜	43
U+00789F	碟	43
U+0054CE	哎	43
U+002164	Ⅴ	43
U+008FC2	迂	43
U+0064AE	撮	43
U+0003D2	ϒ	43
U+005996	妖	43
U+0002BB	ʻ	43
U+005978	奸	42
U+006628	昨	42
U+0065F8	旸	42
U+009017	逗	42
U+002206	∆	42
U+00620E	戎	42
U+0094CE	铎	42
U+0066F3	曳	42
U+006DE6	淦	42
U+007F9A	羚	42
U+009F3E	鼾	42
U+0017BD	ួ	42
U+006D9F	涟	41
U+009492	钒	41
U+005429	吩	41
U+006BD7	毗	41
U+00FF08	（	41
U+003051	け	41
U+0094E3	铣	41
U+0078C5	磅	41
U+008158	腘	41
U+00704F	灏	41
U+0080B1	肱	41
U+006E3A	渺	41
U+007751	睑	41
U+008F72	轲	41
U+00853B	蔻	41
U+00889C	袜	41
U+000282	ʂ	41
U+008AD6	論	40
U+004FA5	侥	40
U+006A1F	樟	40
U+0074A7	璧	40
U+00970F	霏	40
U+00595A	奚	40
U+005D3D	崽	40
U+005F2D	弭	40
U+009AC1	髁	40
U+007665	癥	40
U+000391	Α	40
U+0055F3	嗳	40
U+00556C	啬	40
U+0082D5	苕	39
U+007A92	窒	39
U+0051F3	凳	39
U+005306	匆	39
U+007AFA	竺	39
U+0063A3	掣	39
U+00618E	憎	39
U+008D3F	贿	39
U+0079A7	禧	39
U+000161	š	39
U+0052D5	動	39
U+0083DF	菟	39
U+008446	葆	39
U+0070AF	炯	39
U+009713	霓	39
U+00637B	捻	39
U+005C7F	屿	39
U+006361	捡	39
U+0083E1	菡	39
U+002194	↔	39
U+006363	捣	39
U+0090F4	郴	39
U+005F99	徙	39
U+002074	⁴	39
U+008A5E	詞	39
U+00975B	靛	38
U+0062D9	拙	38
U+005CB7	岷	38
U+008C05	谅	38
U+008559	蕙	38
U+005587	喇	38
U+0052F0	勰	38
U+00621B	戛	38
U+005C90	岐	38
U+002272	≲	38
U+0083D6	菖	38
U+00D559	학	38
U+006487	撇	38
U+005443	呃	38
U+008C0F	谏	38
U+006266	扦	38
U+002075	⁵	38
U+0022CA	⋊	37
U+0082C1	苁	37
U+0094C8	铈	37
U+0086A4	蚤	37
U+006BEF	毯	37
U+00788C	碌	37
U+006B86	殆	37
U+0080E4	胤	37
U+007EAD	纭	37
U+0068CD	棍	37
U+006512	攒	37
U+005E3C	帼	37
U+007A37	稷	37
U+0081FC	臼	37
U+009ACE	髎	37
U+005506	唆	37
U+007239	爹	37
U+006273	扳	37
U+008C11	谑	37
U+007C3F	簿	36
U+00781A	砚	36
U+00803D	耽	36
U+00812F	脯	36
U+008E72	蹲	36
U+006D93	涓	36
U+00227B	≻	36
U+005F98	徘	36
U+005F8A	徊	36
U+008BB6	讶	36
U+00607B	恻	36
U+0098A7	颧	36
U+00C774	이	36
U+00B294	는	36
U+00C218	수	36
U+00308F	わ	36
U+009616	阖	36
U+005544	啄	36
U+0079C3	秃	36
U+0068FA	棺	36
U+000257	ɗ	36
U+0003A7	Χ	35
U+005636	嘶	35
U+0062E7	拧	35
U+005D69	嵩	35
U+006954	楔	35
U+008C0C	谌	35
U+0003D1	ϑ	35
U+007620	瘠	35
U+006C29	氩	35
U+0058EC	壬	35
U+007425	琥	35
U+009511	锑	35
U+006F88	澈	35
U+00814C	腌	35
U+009534	锴	35
U+009706	霆	35
U+00659B	斛	35
U+006F33	漳	35
U+007CEF	糯	35
U+006641	晁	35
U+006073	恳	35
U+006C79	汹	35
U+007CB1	粱	35
U+0064B7	撷	35
U+007615	瘕	35
U+007736	眶	35
U+005C6F	屯	35
U+008D4A	赊	35
U+003069	ど	35
U+006FA7	澧	35
U+008BDB	诛	35
U+005B73	孳	35
U+0080B4	肴	35
U+00636D	捭	35
U+00026A	ɪ	35
U+0087AF	螯	34
U+0084BD	蒽	34
U+0075A3	疣	34
U+004F5A	佚	34
U+006635	昵	34
U+0061AC	憬	34
U+007B47	筇	34
U+006775	杵	34
U+007977	祷	34
U+0063B7	掷	34
U+0067FF	柿	34
U+0090B8	邸	34
U+0030BF	タ	34
U+00C758	의	34
U+00AC1C	개	34
U+000283	ʃ	34
U+006963	楣	34
U+003061	ち	34
U+02C317	𬌗	34
U+001796	ព	34
U+00879F	螟	34
U+008E0A	踊	33
U+0030EB	ル	33
U+0061A7	憧	33
U+0077F8	矸	33
U+0050BB	傻	33
U+006E8F	溏	33
U+00FF61	｡	33
U+00FB00	ﬀ	33
U+007519	甙	33
U+008354	荔	33
U+0087A8	螨	33
U+007B28	笨	33
U+00827D	艽	33
U+00714A	煊	33
U+00044E	ю	33
U+009617	阗	33
U+0017C6	ំ	33
U+0017BB	ុ	33
U+0021C0	⇀	32
U+004FDA	俚	32
U+009E9D	麝	32
U+0085B0	薰	32
U+007A23	稣	32
U+002133	ℳ	32
U+009CD6	鳖	32
U+0083E9	菩	32
U+002234	∴	32
U+0060EE	惮	32
U+0094B3	钳	32
U+007EF7	绷	32
U+008C29	谩	32
U+007B19	笙	32
U+00701B	瀛	32
U+00015E	Ş	32
U+00828A	芊	32
U+0081C6	臆	32
U+005FFB	忻	32
U+008BB9	讹	32
U+003081	め	32
U+008BB3	讳	32
U+003084	や	32
U+0030C3	ッ	32
U+0030D5	フ	32
U+00178A	ដ	32
U+007FB0	羰	31
U+008859	衙	31
U+008C27	谧	31
U+006177	慷	31
U+005308	匈	31
U+0053ED	叭	31
U+009A85	骅	31
U+0073E9	珩	31
U+0086DF	蛟	31
U+0065BC	於	31
U+007405	琅	31
U+005AE3	嫣	31
U+00723B	爻	31
U+0082DE	苞	31
U+00631D	挝	31
U+0080E7	胧	31
U+0079E4	秤	31
U+000103	ă	31
U+00772F	眯	31
U+008BCB	诋	30
U+0030CD	ネ	30
U+00532A	匪	30
U+00652B	攫	30
U+00575E	坞	30
U+007EB6	纶	30
U+006D8E	涎	30
U+0030A6	ウ	30
U+00556E	啮	30
U+005466	呦	30
U+0094D6	铖	30
U+00608C	悌	30
U+00733F	猿	30
U+00837B	荻	30
U+007741	睁	30
U+0085A4	薤	30
U+007529	甩	30
U+008334	茴	30
U+005E1B	帛	30
U+00742E	琮	30
U+007F42	罂	30
U+0077FD	矽	30
U+005195	冕	30
U+001790	ថ	30
U+0017C3	ៃ	30
U+0017CA	៊	30
U+002287	⊇	29
U+007F61	罡	29
U+0073E3	珣	29
U+007A79	穹	29
U+00225C	≜	29
U+000160	Š	29
U+008F84	辄	29
U+009088	邈	29
U+005F3C	弼	29
U+0098D9	飙	29
U+007EF0	绰	29
U+006E0E	渎	29
U+00012B	ī	29
U+00874E	蝎	29
U+00221D	∝	29
U+008E35	踵	29
U+005AE6	嫦	29
U+002468	⑨	29
U+0075A4	疤	29
U+006FA1	澡	29
U+000446	ц	29
U+008BCF	诏	29
U+005A7F	婿	29
U+00835A	荚	29
U+005FD2	忒	29
U+004E2B	丫	28
U+006984	榄	28
U+008038	耸	28
U+008DD6	跖	28
U+004F84	侄	28
U+0062D7	拗	28
U+0064AC	撬	28
U+006D95	涕	28
U+009570	镰	28
U+005162	兢	28
U+009EB8	麸	28
U+006C13	氓	28
U+00768E	皎	28
U+0030B3	コ	28
U+00564E	噎	28
U+00898B	見	28
U+006A19	標	28
U+007B94	箔	28
U+008708	蜈	28
U+0086A3	蚣	28
U+0076EF	盯	28
U+009B13	鬓	28
U+0099A5	馥	28
U+006684	暄	28
U+00782D	砭	28
U+0067F0	柰	28
U+008671	虱	28
U+0053FD	叽	28
U+000412	В	28
U+009A74	驴	27
U+009E43	鹃	27
U+009593	間	27
U+006C50	汐	27
U+00997A	饺	27
U+008309	茉	27
U+0088A4	袤	27
U+0075C2	痂	27
U+008BE1	诡	27
U+008DEA	跪	27
U+009AB8	骸	27
U+007FCC	翌	27
U+0054C4	哄	27
U+00575F	坟	27
U+006664	晤	27
U+005618	嘘	27
U+00901B	逛	27
U+0098DA	飚	27
U+007FC0	翀	27
U+007C2A	簪	27
U+0083C0	菀	27
U+006390	掐	27
U+00742C	琬	27
U+007737	眷	27
U+0094A8	钨	27
U+00638F	掏	27
U+006636	昶	27
U+0071D4	燔	27
U+004FD8	俘	27
U+00667E	晾	27
U+006064	恤	27
U+009A79	驹	27
U+00778E	瞎	27
U+002610	☐	27
U+005639	嘹	27
U+000304	̄	27
U+0069ED	槭	26
U+0087FE	蟾	26
U+006771	東	26
U+0095F0	闰	26
U+006A90	檐	26
U+007316	猖	26
U+004E93	亓	26
U+000392	Β	26
U+00608D	悍	26
U+007F1C	缜	26
U+0077B0	瞰	26
U+002015	―	26
U+007BC6	篆	26
U+0088D8	裘	26
U+0065D6	旖	26
U+009556	镖	26
U+008D42	赂	26
U+008F97	辗	26
U+0061CB	懋	26
U+004E4D	乍	26
U+004F57	佗	26
U+007BAB	箫	26
U+0061A8	憨	26
U+008F8D	辍	26
U+006043	恃	26
U+009EDF	黟	26
U+0025C6	◆	26
U+008BF2	诲	26
U+005495	咕	26
U+0096D2	雒	26
U+008C5A	豚	26
U+0062F4	拴	26
U+009050	遐	26
U+005CEA	峪	26
U+008585	薅	26
U+000264	ɤ	26
U+006A44	橄	25
U+00695E	楞	25
U+007CBD	粽	25
U+0090DC	郜	25
U+006249	扉	25
U+009CB2	鲲	25
U+008E4A	蹊	25
U+0060EC	惬	25
U+005140	兀	25
U+00918C	醌	25
U+0085D5	藕	25
U+005D74	嵴	25
U+007656	癖	25
U+008DFB	跻	25
U+0088F3	裳	25
U+007FB2	羲	25
U+0030AD	キ	25
U+007DA6	綦	25
U+0090CF	郏	25
U+008892	袒	25
U+004E15	丕	25
U+0053EE	叮	25
U+00C744	을	25
U+0075A5	疥	25
U+00305A	ず	25
U+0073C9	珉	25
U+0001CE	ǎ	25
U+0066F8	書	25
U+007F2C	缬	25
U+0030E9	ラ	25
U+007315	猕	25
U+007B2D	笭	25
U+00272E	✮	25
U+0020DB	⃛	24
U+00961A	阚	24
U+003000	U+003000	24
U+005885	墅	24
U+00604D	恍	24
U+0094F2	铲	24
U+0030B7	シ	24
U+005C41	屁	24
U+007EC0	绀	24
U+007934	礴	24
U+004FD1	俑	24
U+0030AF	ク	24
U+005FF1	忱	24
U+007AE3	竣	24
U+006E25	渥	24
U+00D55C	한	24
U+008C36	谶	24
U+0098D3	飓	24
U+0081CC	臌	24
U+0067AD	枭	24
U+008043	聃	24
U+0052FA	勺	24
U+009701	霁	24
U+0062C2	拂	24
U+0083F0	菰	24
U+009517	锗	24
U+002110	ℐ	24
U+0086F3	蛳	24
U+001791	ទ	24
U+008258	艘	23
U+0003D6	ϖ	23
U+005777	坷	23
U+005490	咐	23
U+00816E	腮	23
U+007FCA	翊	23
U+00836A	荪	23
U+006F37	漷	23
U+009041	遁	23
U+006DCC	淌	23
U+006C93	沓	23
U+006413	搓	23
U+00795A	祚	23
U+00828B	芋	23
U+002165	Ⅵ	23
U+0077AD	瞭	23
U+00D558	하	23
U+008012	耒	23
U+0086F0	蛰	23
U+005F0B	弋	23
U+0098D2	飒	23
U+0055E6	嗦	23
U+007FCE	翎	23
U+009A8A	骊	23
U+008E6C	蹬	23
U+008BDF	诟	23
U+0059CA	姊	23
U+005D47	嵇	23
U+005DFD	巽	23
U+005B70	孰	23
U+00211B	ℛ	23
U+005EB5	庵	23
U+007FD2	習	23
U+009E22	鸢	22
U+00222C	∬	22
U+005811	堑	22
U+007C7C	籼	22
U+0076D4	盔	22
U+0060D8	惘	22
U+008DDB	跛	22
U+00902F	逯	22
U+0076CE	盎	22
U+00625B	扛	22
U+0059BE	妾	22
U+0065CE	旎	22
U+007357	獗	22
U+009E6B	鹫	22
U+005AB2	媲	22
U+0076C2	盂	22
U+004F70	佰	22
U+0072E1	狡	22
U+006642	時	22
U+0098A2	颢	22
U+006DDE	淞	22
U+003058	じ	22
U+000119	ę	22
U+00728A	犊	22
U+007654	癔	22
U+0096F9	雹	22
U+008398	莘	22
U+007435	琵	22
U+00661D	昝	22
U+005B7A	孺	22
U+002469	⑩	22
U+0065A7	斧	22
U+00C5B4	어	22
U+005B93	宓	22
U+005E54	幔	22
U+007F24	缤	22
U+0073EE	珮	22
U+00FF05	％	22
U+0071DA	燚	22
U+006F7A	潺	22
U+0082A8	芨	22
U+00819B	膛	22
U+008885	袅	22
U+009523	锣	22
U+0082CB	苋	22
U+0087B5	螵	22
U+0086F8	蛸	22
U+001785	ច	22
U+0002C7	ˇ	22
U+00982B	頫	22
U+0084D0	蓐	22
U+009542	镂	21
U+005228	刨	21
U+009CA4	鲤	21
U+00016B	ū	21
U+0061CA	懊	21
U+0057C2	埂	21
U+0030ED	ロ	21
U+009157	酗	21
U+00868A	蚊	21
U+006248	扈	21
U+007CB2	粲	21
U+0060DA	惚	21
U+0094A1	钡	21
U+005944	奄	21
U+0069BB	榻	21
U+00579B	垛	21
U+0061E6	懦	21
U+006BE1	毡	21
U+006C85	沅	21
U+005543	啃	21
U+005CE6	峦	21
U+005DEF	巯	21
U+002322	⌢	21
U+004E56	乖	21
U+008C0D	谍	21
U+008283	芃	21
U+00740F	琏	21
U+008D32	贲	21
U+00C18D	속	21
U+00C0AC	사	21
U+00C5D0	에	21
U+026B7C	𦭼	21
U+0086AF	蚯	21
U+008693	蚓	21
U+000444	ф	21
U+0069DF	槟	21
U+0057A0	垠	21
U+0094CC	铌	21
U+007095	炕	21
U+004F43	佃	21
U+0094E4	铤	21
U+003080	む	21
U+009131	鄱	21
U+00305B	せ	21
U+007498	璘	21
U+007F0E	缎	21
U+0030B8	ジ	21
U+00901E	逞	21
U+0030A8	エ	21
U+0030FB	・	21
U+0052D0	勐	21
U+007BB4	箴	21
U+003D72	㵲	21
U+005F11	弑	21
U+006809	栉	20
U+002203	∃	20
U+0058F9	壹	20
U+007F54	罔	20
U+0059E5	姥	20
U+006988	榈	20
U+007F25	缥	20
U+0058D5	壕	20
U+0074EF	瓯	20
U+006005	怅	20
U+00659F	斟	20
U+0030AB	カ	20
U+005C8C	岌	20
U+0073FE	現	20
U+0064D2	擒	20
U+007113	焓	20
U+006F8D	澍	20
U+006DD6	淖	20
U+0096CE	雎	20
U+009985	馅	20
U+0030CF	ハ	20
U+008426	萦	20
U+007B3A	笺	20
U+007436	琶	20
U+005C96	岖	20
U+007525	甥	20
U+00044D	э	20
U+005A13	娓	20
U+0080AE	肮	20
U+006607	昇	20
U+004EA5	亥	20
U+007FE9	翩	20
U+007F2D	缭	20
U+0081BB	膻	20
U+008DF7	跷	20
U+000449	щ	20
U+006E44	湄	20
U+00768B	皋	20
U+007566	畦	20
U+0084DF	蓟	20
U+007599	疙	20
U+0017C5	ៅ	20
U+0017C9	៉	20
U+00952D	锭	19
U+007A88	窈	19
U+00954A	镊	19
U+008D43	赃	19
U+0084A1	蒡	19
U+006849	桉	19
U+0073C8	珈	19
U+009165	酥	19
U+00873F	蜿	19
U+008712	蜒	19
U+008C19	谙	19
U+009535	锵	19
U+007252	牒	19
U+00572D	圭	19
U+0058D1	壑	19
U+0056E4	囤	19
U+007B4F	筏	19
U+008C2F	谯	19
U+006FDB	濛	19
U+005B9F	実	19
U+00956D	镭	19
U+00809F	肟	19
U+007F28	缨	19
U+006A35	樵	19
U+005676	噶	19
U+000141	Ł	19
U+00015B	ś	19
U+00592D	夭	19
U+00FF5E	～	19
U+005520	唠	19
U+00308D	ろ	19
U+007629	瘩	19
U+003083	ゃ	19
U+0002A6	ʦ	19
U+007BE6	篦	19
U+00533E	匾	18
U+005420	吠	18
U+00599E	妞	18
U+00741A	琚	18
U+005942	奂	18
U+005E4C	幌	18
U+00524C	剌	18
U+0030EA	リ	18
U+007FB9	羹	18
U+008424	萤	18
U+00807F	聿	18
U+00623E	戾	18
U+0053E8	叨	18
U+006715	朕	18
U+0083E0	菠	18
U+000130	İ	18
U+006CEE	泮	18
U+0064D8	擘	18
U+00E618	U+00E618	18
U+0092C6	鋆	18
U+005F87	徇	18
U+0050ED	僭	18
U+0074E2	瓢	18
U+007AA0	窠	18
U+005BA5	宥	18
U+0094AC	钬	18
U+00AC00	가	18
U+009854	顔	18
U+007663	癣	18
U+003070	ば	18
U+008821	蠡	18
U+007396	玖	18
U+00556A	啪	18
U+008925	褥	18
U+00988D	颍	18
U+00693F	椿	18
U+006396	掖	18
U+006CAD	沭	18
U+0077DC	矜	18
U+008D6D	赭	18
U+00548B	咋	18
U+000421	С	18
U+000451	ё	18
U+005048	偈	18
U+0025CC	◌	18
U+005ADA	嫚	17
U+0080BC	肼	17
U+008654	虔	17
U+009672	陲	17
U+006CBD	沽	17
U+007F08	缈	17
U+006593	斓	17
U+006C17	気	17
U+009A90	骐	17
U+0070FD	烽	17
U+006D35	洵	17
U+009E4A	鹊	17
U+007080	炀	17
U+0060F6	惶	17
U+008718	蜘	17
U+0081BA	膺	17
U+007B77	筷	17
U+0066DC	曜	17
U+00951F	锟	17
U+007CB3	粳	17
U+007FB8	羸	17
U+005B78	學	17
U+0062FD	拽	17
U+008BA5	讥	17
U+0065CC	旌	17
U+007EB0	纰	17
U+0089DE	觞	17
U+00618B	憋	17
U+00C9C0	지	17
U+006994	榔	17
U+009AC3	髃	17
U+0098A8	風	17
U+0096F2	雲	17
U+008FAB	辫	17
U+00621F	戟	17
U+0085B9	薹	17
U+007459	瑙	17
U+0083D4	菔	17
U+005CD9	峙	17
U+0071CE	燎	17
U+00FF11	１	17
U+000113	ē	17
U+009EDC	黜	17
U+009EEF	黯	17
U+006014	怔	17
U+008BC3	诃	17
U+006518	攘	17
U+0074F4	瓴	17
U+00549A	咚	17
U+00643D	搽	17
U+002166	Ⅶ	17
U+008451	葑	17
U+00781C	砜	16
U+0095A2	関	16
U+00773A	眺	16
U+0075FC	痼	16
U+004E10	丐	16
U+009567	镧	16
U+0084E5	蓥	16
U+006840	桀	16
U+005671	噱	16
U+008FE9	迩	16
U+0077AA	瞪	16
U+007EE2	绢	16
U+006DA3	涣	16
U+005B5A	孚	16
U+0097EB	韫	16
U+00845A	葚	16
U+006DAA	涪	16
U+008D9F	趟	16
U+005C4E	屎	16
U+0067DA	柚	16
U+005F29	弩	16
U+009A8B	骋	16
U+005055	偕	16
U+006CEF	泯	16
U+0059C9	姉	16
U+009555	镕	16
U+0054C7	哇	16
U+0055D3	嗓	16
U+00C2EC	심	16
U+0095FE	闾	16
U+0071E7	燧	16
U+007F94	羔	16
U+007444	瑄	16
U+006D19	洙	16
U+0092AE	銮	16
U+0094BF	钿	16
U+00FB01	ﬁ	16
U+008BB4	讴	16
U+00306D	ね	16
U+0060CB	惋	16
U+00672D	札	16
U+00715E	煞	16
U+000410	А	16
U+008543	蕃	16
U+000117	ė	16
U+00543C	吼	16
U+0003C2	ς	16
U+0067D2	柒	16
U+0086CA	蛊	16
U+009E3E	鸾	16
U+0072F8	狸	16
U+000255	ɕ	16
U+0030C6	テ	16
U+008629	蘩	16
U+009CB3	鲳	15
U+006753	杓	15
U+0086E4	蛤	15
U+009A88	骈	15
U+009553	镓	15
U+007BF7	篷	15
U+0082DC	苜	15
U+00555F	啟	15
U+00810D	脍	15
U+00835E	荞	15
U+005C49	屉	15
U+00853C	蔼	15
U+00FF21	Ａ	15
U+006772	杲	15
U+008F6B	轫	15
U+0030C9	ド	15
U+003078	へ	15
U+0030DE	マ	15
U+00614B	態	15
U+007688	皈	15
U+006609	昉	15
U+0068E3	棣	15
U+0070B7	炷	15
U+009CCC	鳌	15
U+008238	舸	15
U+006E6E	湮	15
U+006979	楹	15
U+008C32	谲	15
U+008508	蔈	15
U+00B098	나	15
U+007B6E	筮	15
U+00631E	挞	15
U+007C41	籁	15
U+0066A7	暧	15
U+008BD8	诘	15
U+0088A2	袢	15
U+007EA3	纣	15
U+00832C	茬	15
U+007B95	箕	15
U+00226A	≪	15
U+00011B	ě	15
U+0084BA	蒺	15
U+007FA9	義	15
U+00561E	嘞	15
U+0090B0	邰	15
U+005499	咙	15
U+00767A	発	15
U+008844	衄	15
U+005742	坂	15
U+006421	搡	15
U+003086	ゆ	15
U+00041D	Н	15
U+000285	ʅ	15
U+00041F	П	15
U+009504	锄	15
U+0067A8	枨	15
U+0017C1	េ	15
U+006B89	殉	14
U+0077D7	矗	14
U+0094F1	铱	14
U+008473	葳	14
U+008CC7	資	14
U+00752C	甬	14
U+0087E0	蟠	14
U+006F66	潦	14
U+0071EE	燮	14
U+0060C6	惆	14
U+007EDB	绛	14
U+0061D1	懑	14
U+0084E3	蓣	14
U+007FD5	翕	14
U+007121	無	14
U+008737	蜷	14
U+007A96	窖	14
U+006DB8	涸	14
U+006F3E	漾	14
U+008386	莆	14
U+00909D	邝	14
U+00915D	酝	14
U+00B85C	로	14
U+00B300	대	14
U+00C11C	서	14
U+00B3C4	도	14
U+00681D	栝	14
U+008E7C	蹼	14
U+005F77	彷	14
U+009163	酣	14
U+007441	瑁	14
U+004FAC	侬	14
U+00699B	榛	14
U+007118	焘	14
U+005F8C	後	14
U+007FBF	羿	14
U+009CC4	鳄	14
U+007B20	笠	14
U+004E98	亘	14
U+0094FF	铿	14
U+006DA7	涧	14
U+00527F	剿	14
U+0022C6	⋆	14
U+0030BA	ズ	14
U+005243	剃	14
U+008D49	赉	14
U+000395	Ε	14
U+00041C	М	14
U+00FE63	﹣	14
U+0050F0	僰	14
U+00041E	О	14
U+0025B2	▲	14
U+006A4B	橋	13
U+00527D	剽	13
U+004FFA	俺	13
U+00696D	業	13
U+0071CA	燊	13
U+006F15	漕	13
U+008884	袄	13
U+00017E	ž	13
U+0084FF	蓿	13
U+009E44	鹄	13
U+00039A	Κ	13
U+008E6D	蹭	13
U+0090C5	郅	13
U+0080E8	胨	13
U+007FF1	翱	13
U+005BAE	宮	13
U+0030EF	ワ	13
U+00573B	圻	13
U+0055DF	嗟	13
U+006414	搔	13
U+0052AD	劭	13
U+00783C	砼	13
U+00712F	焯	13
U+00578C	垌	13
U+00C740	은	13
U+00AD6D	국	13
U+00AE30	기	13
U+003005	々	13
U+007440	瑀	13
U+005729	圩	13
U+005FA8	徨	13
U+003072	ひ	13
U+005FE1	忡	13
U+0066CC	曌	13
U+0054DF	哟	13
U+0090D7	郗	13
U+00620C	戌	13
U+005B71	孱	13
U+009004	逄	13
U+009AFB	髻	13
U+007596	疖	13
U+00739F	玟	13
U+008783	螃	13
U+005412	吒	13
U+002034	‴	13
U+008BC2	诂	13
U+00545C	呜	13
U+0030D1	パ	13
U+00705E	灞	13
U+0060FA	惺	13
U+0083BC	莼	13
U+00914B	酋	13
U+007F09	缉	13
U+0050D5	僕	13
U+009785	鞅	13
U+0030DD	ポ	13
U+008F36	輶	13
U+008902	褂	13
U+0055BD	喽	13
U+000422	Т	13
U+004FF8	俸	13
U+00227D	≽	13
U+006EC9	滉	13
U+00911E	鄞	12
U+0078D5	磕	12
U+0030C1	チ	12
U+0070DC	烜	12
U+006C19	氙	12
U+005909	変	12
U+009CA8	鲨	12
U+007791	瞑	12
U+009992	馒	12
U+0094E0	铠	12
U+003073	び	12
U+00733E	猾	12
U+00550F	唏	12
U+005FCF	忏	12
U+0073DE	珞	12
U+0080DB	胛	12
U+0075E8	痨	12
U+0056F1	囱	12
U+00017D	Ž	12
U+005FB3	徳	12
U+00776C	睬	12
U+008759	蝙	12
U+00612B	愫	12
U+007407	琇	12
U+002266	≦	12
U+006BA1	殡	12
U+008C15	谕	12
U+005AC4	嫄	12
U+00568F	嚏	12
U+007526	甦	12
U+006BC2	毂	12
U+008004	耄	12
U+004FAA	侪	12
U+009AC0	髀	12
U+0083BD	莽	12
U+00762A	瘪	12
U+005BFE	対	12
U+008A8D	認	12
U+0030DF	ミ	12
U+00772D	眭	12
U+006FEF	濯	12
U+008006	耆	12
U+00795F	祟	12
U+00565C	噜	12
U+006D60	浠	12
U+009095	邕	12
U+006787	枇	12
U+006777	杷	12
U+005471	呱	12
U+007AA3	窣	12
U+0079BA	禺	12
U+005834	場	12
U+00905B	遛	12
U+0030A7	ェ	12
U+00655D	敝	12
U+00566B	噫	12
U+00041A	К	12
U+005E83	広	12
U+0062AA	抪	12
U+006422	搢	12
U+007DAA	綪	12
U+009495	钕	11
U+009487	钇	11
U+0084C1	蓁	11
U+008539	蔹	11
U+009928	館	11
U+006C2A	氪	11
U+0081EC	臬	11
U+0083C5	菅	11
U+00502C	倬	11
U+0072B7	犷	11
U+004F1D	伝	11
U+007C38	簸	11
U+007D4C	経	11
U+00818A	膊	11
U+009CC9	鳉	11
U+005DF3	巳	11
U+0030D7	プ	11
U+00039D	Ν	11
U+0062CE	拎	11
U+009981	馁	11
U+0094C4	铄	11
U+009068	遨	11
U+006A11	樑	11
U+008093	肓	11
U+0078D0	磐	11
U+007424	琤	11
U+008E47	蹇	11
U+008638	蘸	11
U+006B83	殃	11
U+00C804	전	11
U+00BB38	문	11
U+000281	ʁ	11
U+0070BA	為	11
U+0070A4	炤	11
U+008365	荥	11
U+007C0B	簋	11
U+0094D1	铑	11
U+009708	霈	11
U+005892	墒	11
U+0053FC	叼	11
U+005072	偲	11
U+00753A	町	11
U+004EB3	亳	11
U+006CA3	沣	11
U+00708A	炊	11
U+008C7A	豺	11
U+008D45	赅	11
U+005662	噢	11
U+0056B7	嚷	11
U+009CAB	鲫	11
U+004EC9	仉	11
U+003054	ご	11
U+008616	蘖	11
U+0030C7	デ	11
U+007F19	缙	11
U+006215	戕	11
U+009035	逵	11
U+0090C4	郄	11
U+007FE5	翥	11
U+007B06	笆	11
U+008FE6	迦	11
U+00988F	颏	11
U+009894	颔	11
U+00757F	畿	11
U+005669	噩	11
U+009AE6	髦	11
U+0030E7	ョ	11
U+0030B1	ケ	11
U+0030C4	ツ	11
U+006978	楸	11
U+00832D	茭	11
U+008A71	話	11
U+000413	Г	11
U+004F48	佈	11
U+000399	Ι	11
U+008713	蜓	11
U+004FCE	俎	11
U+00869C	蚜	11
U+000290	ʐ	11
U+0030BD	ソ	11
U+00895E	襞	11
U+007BB5	箵	11
U+0076B4	皴	11
U+009609	阉	11
U+009E36	鸶	11
U+0025A0	■	11
U+005486	咆	11
U+0075F1	痱	11
U+009F9B	龛	11
U+00674C	杌	10
U+006C18	氘	10
U+007A95	窕	10
U+0094DF	铟	10
U+006BD9	毙	10
U+0059B2	妲	10
U+002235	∵	10
U+00014D	ō	10
U+0066C8	曈	10
U+009082	邂	10
U+009005	逅	10
U+006C69	汩	10
U+00821B	舛	10
U+00607D	恽	10
U+004FA1	価	10
U+0067FB	査	10
U+00822B	舫	10
U+0080F3	胳	10
U+0073C5	珅	10
U+006342	捂	10
U+0030EC	レ	10
U+009A87	骇	10
U+004F6C	佬	10
U+0052BC	劼	10
U+005FB5	徵	10
U+00948C	钌	10
U+00039C	Μ	10
U+006A28	樨	10
U+0022A4	⊤	10
U+006E4E	湎	10
U+006DCF	淏	10
U+00620D	戍	10
U+0055E4	嗤	10
U+0075CD	痍	10
U+0055D1	嗑	10
U+00724D	牍	10
U+0054A7	咧	10
U+0069CC	槌	10
U+009E5C	鹜	10
U+00ACE0	고	10
U+006FF9	濹	10
U+005EBE	庾	10
U+002605	★	10
U+003087	ょ	10
U+009A7D	驽	10
U+00914A	酊	10
U+0076E5	盥	10
U+007D50	結	10
U+007120	焠	10
U+0054D2	哒	10
U+000105	ą	10
U+0094CD	铍	10
U+006CE0	泠	10
U+0060F4	惴	10
U+009E33	鸳	10
U+003052	げ	10
U+0069C1	槁	10
U+009889	颉	10
U+00246A	⑪	10
U+007096	炖	10
U+005BE4	寤	10
U+008D48	赈	10
U+009621	阡	10
U+007A14	稔	10
U+007409	琉	10
U+00246B	⑫	10
U+006D3A	洺	10
U+009F3D	鼽	10
U+0055DD	嗝	10
U+00948D	钍	10
U+005494	咔	10
U+0094E8	铨	10
U+00558B	喋	10
U+005043	偃	10
U+002F0A	⼊	10
U+006B73	歳	10
U+007630	瘰	10
U+0030E3	ャ	10
U+00622E	戮	10
U+006A39	樹	10
U+0070EC	烬	10
U+009563	镣	10
U+0056DF	囟	10
U+00203B	※	10
U+00956B	镫	10
U+00542E	吮	10
U+005577	啷	10
U+006B69	歩	10
U+0030A3	ィ	10
U+006EDF	滟	10
U+0017B7	ិ	10
U+0017C4	ោ	10
U+008F24	輤	10
U+005B1B	嬛	10
U+002283	⊃	10
U+005C2B	尫	10
U+00210A	ℊ	10
U+009060	遠	9
U+007634	瘴	9
U+00874C	蝌	9
U+0086AA	蚪	9
U+007D00	紀	9
U+00962A	阪	9
U+008B07	謇	9
U+005831	報	9
U+0051BD	冽	9
U+00FE51	﹑	9
U+00783B	砻	9
U+008E76	蹶	9
U+00749C	璜	9
U+0059EE	姮	9
U+0090B4	邴	9
U+00680E	栎	9
U+009CD5	鳕	9
U+008D3D	贽	9
U+006D63	浣	9
U+0084AF	蒯	9
U+00871A	蜚	9
U+0094AF	钯	9
U+005D27	崧	9
U+007ECC	绌	9
U+0060E6	惦	9
U+007BDD	篝	9
U+006B79	歹	9
U+006A79	橹	9
U+0059A9	妩	9
U+0088B1	袱	9
U+005BEE	寮	9
U+0085A8	薨	9
U+00FE37	︷	9
U+00C911	중	9
U+00AC04	간	9
U+005011	們	9
U+002F08	⼈	9
U+0056E1	囡	9
U+005E62	幢	9
U+00359E	㖞	9
U+00864F	虏	9
U+0051A2	冢	9
U+005014	倔	9
U+0057D5	埕	9
U+005D11	崑	9
U+008BAB	讫	9
U+006F5E	潞	9
U+008449	葉	9
U+0030D0	バ	9
U+005F89	徉	9
U+009ECD	黍	9
U+006CF7	泷	9
U+0084D1	蓑	9
U+009E42	鹂	9
U+00E5D2	U+00E5D2	9
U+005F22	弢	9
U+008C12	谒	9
U+005897	増	9
U+0055D4	嗔	9
U+008306	茆	9
U+0082E3	苣	9
U+0062C8	拈	9
U+006F62	潢	9
U+006C24	氤	9
U+006C32	氲	9
U+006619	昙	9
U+0094BA	钺	9
U+009A13	験	9
U+0075AC	疬	9
U+008757	蝗	9
U+009980	馀	9
U+008FE2	迢	9
U+008C2A	谪	9
U+0001D4	ǔ	9
U+0073B7	玷	9
U+0030E0	ム	9
U+00800B	耋	9
U+005514	唔	9
U+000418	И	9
U+008832	蠲	9
U+00027F	ɿ	9
U+005B7D	孽	9
U+005E60	幠	9
U+00652E	攮	9
U+0017C7	ះ	9
U+009758	靘	9
U+007BA6	箦	9
U+005A76	婶	9
U+008F78	轸	9
U+007B1E	笞	9
U+00781D	砝	9
U+007521	甡	9
U+009E82	麂	9
U+005E91	庑	9
U+00548D	咍	9
U+002083	₃	9
U+000301	́	9
U+007F04	缄	8
U+0083D8	菘	8
U+005769	坩	8
U+0057DA	埚	8
U+009244	鉄	8
U+0069CB	構	8
U+00950F	锏	8
U+008BEC	诬	8
U+0055E8	嗨	8
U+006555	敕	8
U+002011	‑	8
U+0060B1	悱	8
U+0084E6	蓦	8
U+00789A	碚	8
U+006845	桅	8
U+00740D	琍	8
U+0090E6	郦	8
U+0074EE	瓮	8
U+0050D6	僖	8
U+0060B4	悴	8
U+00230A	⌊	8
U+00230B	⌋	8
U+00547B	呻	8
U+0030CE	ノ	8
U+00626A	扪	8
U+008662	虢	8
U+005A7A	婺	8
U+0054C6	哆	8
U+007947	祇	8
U+000414	Д	8
U+005E96	庖	8
U+0061F5	懵	8
U+006538	攸	8
U+009CB6	鲶	8
U+00758D	疍	8
U+01D712	𝜒	8
U+00C778	인	8
U+00C73C	으	8
U+00ACFC	과	8
U+00B97C	를	8
U+00C5B8	언	8
U+00C81C	제	8
U+00C0C1	상	8
U+00C815	정	8
U+00AD50	교	8
U+00AD6C	구	8
U+008561	蕡	8
U+002225	∥	8
U+0025CB	○	8
U+0078B2	碲	8
U+0088FE	裾	8
U+0063EA	揪	8
U+0073F2	珲	8
U+0080C4	胄	8
U+0074A0	璠	8
U+00726F	牯	8
U+00FF0F	／	8
U+006F09	漉	8
U+008278	艸	8
U+005F9C	徜	8
U+008C14	谔	8
U+005A06	娆	8
U+006C16	氖	8
U+004F76	佶	8
U+008343	荃	8
U+006633	昳	8
U+005AD4	嫔	8
U+004EDF	仟	8
U+00307B	ほ	8
U+0030D3	ビ	8
U+007BC1	篁	8
U+005D6C	嵬	8
U+008BB7	讷	8
U+008E66	蹦	8
U+006886	梆	8
U+00246C	⑬	8
U+004FEA	俪	8
U+00665E	晞	8
U+006EA5	溥	8
U+0091AA	醪	8
U+00847A	葺	8
U+007691	皑	8
U+0090C7	郇	8
U+006448	摈	8
U+0059C1	姁	8
U+006FB9	澹	8
U+00831B	茛	8
U+007C9C	粜	8
U+0087D1	蟑	8
U+00844E	葎	8
U+008210	舐	8
U+0073D9	珙	8
U+0083F9	菹	8
U+009B3B	鬻	8
U+009051	遑	8
U+005CBF	岿	8
U+004F5E	佞	8
U+006123	愣	8
U+007EAB	纫	8
U+00985E	類	8
U+007D30	細	8
U+006059	恙	8
U+006A5F	機	8
U+006867	桧	8
U+0030D6	ブ	8
U+00042F	Я	8
U+005024	値	8
U+0067C3	柃	8
U+00873B	蜻	8
U+00010C	Č	8
U+0064D3	擓	8
U+00025A	ɚ	8
U+00761B	瘛	8
U+000423	У	8
U+00561F	嘟	8
U+006F4B	潋	8
U+00304E	ぎ	8
U+000425	Х	8
U+008DB8	趸	8
U+005591	喑	8
U+008401	萁	8
U+0051E6	処	8
U+009E29	鸩	8
U+006CD4	泔	8
U+007CD7	糗	8
U+0017CB	់	8
U+0017C2	ែ	8
U+007C6F	籯	8
U+0041F8	䇸	8
U+005187	冇	8
U+007A39	稹	8
U+005599	喙	8
U+008725	蜥	8
U+00686B	桫	8
U+006924	椤	8
U+00629F	抟	8
U+006DE0	淠	8
U+008288	芈	8
U+0082FB	苻	8
U+0052AC	劬	8
U+0030E5	ュ	8
U+008E08	踈	8
U+002323	⌣	8
U+005727	圧	7
U+009097	邗	7
U+0094D2	铒	7
U+0073EA	珪	7
U+00017A	ź	7
U+009023	連	7
U+0063D6	揖	7
U+006B74	歴	7
U+0077F6	矶	7
U+008D5D	赝	7
U+006D65	浥	7
U+006E9E	溞	7
U+008F81	辁	7
U+008A55	評	7
U+0097A3	鞣	7
U+006EE6	滦	7
U+009118	鄘	7
U+008E14	踔	7
U+00953A	锺	7
U+007BD1	篑	7
U+006387	掇	7
U+006194	憔	7
U+00FF34	Ｔ	7
U+008D30	贰	7
U+00904E	過	7
U+00969B	際	7
U+0082D2	苒	7
U+00609A	悚	7
U+007B2A	笪	7
U+006B59	歙	7
U+00534D	卍	7
U+008F95	辕	7
U+007287	犇	7
U+0087CB	蟋	7
U+00938F	鎏	7
U+00FF38	Ｘ	7
U+006DC5	淅	7
U+007F30	缰	7
U+005D82	嶂	7
U+009349	鍉	7
U+00B2F4	담	7
U+00C57C	야	7
U+00B78C	람	7
U+00BA74	면	7
U+00B9CC	만	7
U+00B3D9	동	7
U+00C7A5	장	7
U+00C5F0	연	7
U+00C704	위	7
U+0090B6	邶	7
U+007EC2	绂	7
U+008731	蜱	7
U+008FF3	迳	7
U+009536	锶	7
U+009642	陂	7
U+007B08	笈	7
U+008C06	谆	7
U+007B04	笄	7
U+005919	夙	7
U+005FAD	徭	7
U+006B87	殇	7
U+0055D2	嗒	7
U+005315	匕	7
U+006D5A	浚	7
U+006EBB	溻	7
U+005EEA	廪	7
U+005A32	娲	7
U+0064C2	擂	7
U+007950	祐	7
U+007337	猷	7
U+005345	卅	7
U+008548	蕈	7
U+006252	扒	7
U+007AFD	竽	7
U+006C74	汴	7
U+00246E	⑮	7
U+00695D	楝	7
U+00748E	璎	7
U+007EE6	绦	7
U+008E59	蹙	7
U+00FF32	Ｒ	7
U+007601	瘁	7
U+0053AE	厮	7
U+0067D8	柘	7
U+009ED2	黒	7
U+007699	皙	7
U+004E21	両	7
U+0030BB	セ	7
U+00677C	杼	7
U+0096F3	雳	7
U+0064A9	撩	7
U+0051BC	冼	7
U+007FE1	翡	7
U+00E5CF	U+00E5CF	7
U+003079	べ	7
U+009486	钆	7
U+006ED3	滓	7
U+0063C6	揆	7
U+0085D0	藐	7
U+0075B3	疳	7
U+006B7C	歼	7
U+007F44	罄	7
U+0030D9	ベ	7
U+0072D9	狙	7
U+0030AA	オ	7
U+00563F	嘿	7
U+0069C3	槃	7
U+007B50	筐	7
U+005AE1	嫡	7
U+005509	唉	7
U+0056EB	囫	7
U+0056F5	囵	7
U+006D2E	洮	7
U+0054E1	員	7
U+00984C	題	7
U+004EF5	仵	7
U+009E73	鹳	7
U+0082A1	芡	7
U+005A11	娑	7
U+006F2E	漮	7
U+000272	ɲ	7
U+007BEC	篬	7
U+007207	爇	7
U+004F64	佤	7
U+009E2F	鸯	7
U+00955B	镛	7
U+007039	瀹	7
U+00852B	蔫	7
U+0086F1	蛱	7
U+00968E	階	7
U+007FEE	翮	7
U+0082FD	苽	7
U+00937C	鍼	6
U+009539	锹	6
U+006FA4	澤	6
U+00502D	倭	6
U+0069AD	榭	6
U+006A3E	樾	6
U+006402	搂	6
U+005CF6	島	6
U+008469	葩	6
U+00015A	Ś	6
U+0063E0	揠	6
U+008A8C	誌	6
U+00FE50	﹐	6
U+0094B2	钲	6
U+005A08	娈	6
U+00956F	镯	6
U+009BB0	鮰	6
U+008D66	赦	6
U+008069	聩	6
U+008D07	贇	6
U+000151	ő	6
U+0091C6	釆	6
U+007738	眸	6
U+009814	頔	6
U+006308	挈	6
U+004EE1	仡	6
U+00510B	儋	6
U+0056F9	囹	6
U+007523	産	6
U+0052DD	勝	6
U+00958B	開	6
U+0077A5	瞥	6
U+006BB3	殳	6
U+005914	夔	6
U+008E0C	踌	6
U+008E87	躇	6
U+0089CA	觊	6
U+0084A8	蒨	6
U+00FE38	︸	6
U+009C9F	鲟	6
U+0068C2	棂	6
U+0072F7	狷	6
U+0087C0	蟀	6
U+00552C	唬	6
U+00586C	塬	6
U+009532	锲	6
U+0055E1	嗡	6
U+008E4B	蹋	6
U+006534	攴	6
U+00B41C	된	6
U+00C801	적	6
U+00BBFC	민	6
U+00BD80	부	6
U+00C624	오	6
U+00C5EC	여	6
U+00AC8C	게	6
U+00BB3C	물	6
U+00624C	扌	6
U+000275	ɵ	6
U+007CBF	粿	6
U+009E58	鹘	6
U+005CCB	峋	6
U+005EB9	庹	6
U+008214	舔	6
U+0053C1	叁	6
U+00805E	聞	6
U+00567C	噼	6
U+007C65	籥	6
U+007F0A	缊	6
U+0030E4	ヤ	6
U+00571C	圜	6
U+009551	镑	6
U+005A09	娉	6
U+007643	癃	6
U+009571	镱	6
U+0062A0	抠	6
U+00989A	颚	6
U+006EB2	溲	6
U+007168	煨	6
U+005E2B	師	6
U+007D42	終	6
U+004FE3	俣	6
U+0062BF	抿	6
U+0063B0	掰	6
U+008A13	訓	6
U+00678B	枋	6
U+009CD7	鳗	6
U+007CBC	粼	6
U+007477	瑷	6
U+00746D	瑭	6
U+00246D	⑭	6
U+006F2F	漯	6
U+00563B	嘻	6
U+004FDF	俟	6
U+007BA9	箩	6
U+00530D	匍	6
U+008BE7	诧	6
U+0054FC	哼	6
U+008556	蕖	6
U+007FFE	翾	6
U+00222D	∭	6
U+00FF2D	Ｍ	6
U+008174	腴	6
U+0030CB	ニ	6
U+0065C6	旆	6
U+009A9B	骛	6
U+0070CA	烊	6
U+00222E	∮	6
U+005080	傀	6
U+0075E3	痣	6
U+0064E2	擢	6
U+006E67	湧	6
U+006DBF	涿	6
U+00740A	琊	6
U+0069CE	槎	6
U+006CDE	泞	6
U+008E1E	踞	6
U+009668	陨	6
U+00696B	楫	6
U+0030C0	ダ	6
U+006CB1	沱	6
U+006BCE	毎	6
U+008DB4	趴	6
U+008279	艹	6
U+005C15	尕	6
U+0069FF	槿	6
U+008A18	記	6
U+0068FC	棼	6
U+008C04	谄	6
U+007D9A	続	6
U+00727E	牾	6
U+009E67	鹧	6
U+009E2A	鸪	6
U+008BDC	诜	6
U+0079ED	秭	6
U+00041B	Л	6
U+00611B	愛	6
U+000396	Ζ	6
U+009052	遒	6
U+008B5E	譞	6
U+0001D0	ǐ	6
U+0083EF	華	6
U+00FF1E	＞	6
U+0083FD	菽	6
U+009104	鄄	6
U+006DD9	淙	6
U+00554F	問	6
U+005E61	幡	6
U+008108	脈	6
U+005261	剡	6
U+0074BA	璺	6
U+0073B3	玳	6
U+0055A4	喤	6
U+001781	ខ	6
U+000268	ɨ	6
U+00E027	U+00E027	6
U+00229E	⊞	6
U+006EC2	滂	6
U+0086F9	蛹	6
U+007256	牖	6
U+01D443	𝑃	6
U+0021A6	↦	6
U+0083A8	莨	6
U+0083EA	菪	6
U+00FF1D	＝	6
U+007085	炅	6
U+001E47	ṇ	6
U+0063B3	掳	6
U+00846D	葭	6
U+005CA1	岡	6
U+0067A5	枥	6
U+0086E9	蛩	6
U+0068BC	梼	5
U+006C96	沖	5
U+008627	蘧	5
U+0089B3	観	5
U+005E7A	幺	5
U+006939	椹	5
U+006E08	済	5
U+005641	噁	5
U+00FF1C	＜	5
U+0075A0	疠	5
U+0030B5	サ	5
U+0081C3	臃	5
U+007638	瘸	5
U+009880	颀	5
U+006E0C	渌	5
U+0074E0	瓠	5
U+009CCE	鳎	5
U+0053DF	叟	5
U+005A0C	娌	5
U+00559F	喟	5
U+00017C	ż	5
U+0064C0	擀	5
U+005CE4	峤	5
U+006C1A	氚	5
U+00676A	杪	5
U+009577	長	5
U+005704	圄	5
U+000159	ř	5
U+007F07	缇	5
U+00954C	镌	5
U+007728	眨	5
U+0070E9	烩	5
U+0051DB	凛	5
U+008BE9	诩	5
U+0094DB	铛	5
U+005A62	婢	5
U+0076A6	皦	5
U+00634B	捋	5
U+007BAA	箪	5
U+00555C	啜	5
U+00982D	頭	5
U+009984	馄	5
U+009968	饨	5
U+007DDA	線	5
U+006586	斆	5
U+00725D	牝	5
U+00BE44	비	5
U+00B9D0	말	5
U+00AC83	것	5
U+00C0DD	생	5
U+00D130	터	5
U+00C6B4	운	5
U+00B9AC	리	5
U+00C18C	소	5
U+00BABB	못	5
U+00C8FC	주	5
U+00AC19	같	5
U+00B4E4	들	5
U+00C788	있	5
U+00ADF8	그	5
U+0096B0	隰	5
U+00C77C	일	5
U+005958	奘	5
U+0055F2	嗲	5
U+008CC1	賁	5
U+00912F	鄯	5
U+005D99	嶙	5
U+003071	ぱ	5
U+00C790	자	5
U+00951C	锜	5
U+0083A9	莩	5
U+0086CF	蛏	5
U+00892B	褫	5
U+007457	瑗	5
U+005088	傈	5
U+0050F3	僳	5
U+00501E	倞	5
U+0051EB	凫	5
U+0083B3	莳	5
U+009509	锉	5
U+00907D	遽	5
U+0094D5	铕	5
U+0054AB	咫	5
U+008564	蕤	5
U+003075	ふ	5
U+008297	芗	5
U+008E69	蹩	5
U+006D50	浐	5
U+00207A	⁺	5
U+00740E	琎	5
U+006D5B	浛	5
U+00711C	焜	5
U+0074A9	璩	5
U+002126	Ω	5
U+005D4A	嵊	5
U+007823	砣	5
U+006006	怆	5
U+005768	坨	5
U+007FAF	羯	5
U+00839D	莝	5
U+005310	匐	5
U+00603F	怿	5
U+009055	違	5
U+0063AC	掬	5
U+00972D	霭	5
U+0085AE	薮	5
U+008E39	踹	5
U+008E52	蹒	5
U+008DDA	跚	5
U+0030D8	ヘ	5
U+003076	ぶ	5
U+0065AB	斫	5
U+009AF9	髹	5
U+005B51	孑	5
U+006860	桠	5
U+006D39	洹	5
U+005AD2	嫒	5
U+008C00	谀	5
U+00FF23	Ｃ	5
U+002043	⁃	5
U+00778C	瞌	5
U+008BF0	诰	5
U+005F9E	從	5
U+0086C6	蛆	5
U+002308	⌈	5
U+002309	⌉	5
U+000303	̃	5
U+007B0F	笏	5
U+0080DD	胝	5
U+009032	進	5
U+009995	馕	5
U+006DDD	淝	5
U+0030CA	ナ	5
U+005FA9	復	5
U+005F56	彖	5
U+0063CD	揍	5
U+0062C4	拄	5
U+0081FE	臾	5
U+008ECA	車	5
U+00693D	椽	5
U+009CCF	鳏	5
U+007C7E	籾	5
U+005C3B	尻	5
U+0050B7	傷	5
U+009791	鞑	5
U+006041	恁	5
U+008B9A	讚	5
U+0021BA	↺	5
U+008A3E	訾	5
U+00670A	朊	5
U+009F10	鼐	5
U+0060ED	惭	5
U+006115	愕	5
U+008C89	貉	5
U+005B84	宄	5
U+0051C7	凇	5
U+003050	ぐ	5
U+000329	̩	5
U+00686E	桮	5
U+0068EC	棬	5
U+007830	砰	5
U+00850C	蔌	5
U+0090D3	郓	5
U+000420	Р	5
U+0094C9	铉	5
U+000254	ɔ	5
U+007EEF	绯	5
U+007F1B	缛	5
U+007DE8	編	5
U+00815A	腚	5
U+007A17	稗	5
U+009E57	鹗	5
U+009615	阕	5
U+00224C	≌	5
U+00179C	វ	5
U+002273	≳	5
U+004251	䉑	5
U+0067E9	柩	5
U+007432	琲	5
U+0020AC	€	5
U+002169	Ⅹ	5
U+009649	陉	5
U+0055B3	喳	5
U+00028A	ʊ	5
U+008F94	辔	5
U+008734	蜴	5
U+008D20	贠	5
U+0030A1	ァ	5
U+0098F2	飲	5
U+009CBF	鲿	5
U+0083F6	菶	5
U+0074DE	瓞	5
U+0074C5	瓅	5
U+007E3E	績	5
U+00800E	耎	5
U+008966	襦	5
U+002081	₁	5
U+008244	艄	5
U+000252	ɒ	5
U+0066FD	曽	5
U+00FB03	ﬃ	5
U+00756C	畬	4
U+009ED9	黙	4
U+0052B9	効	4
U+009CDC	鳜	4
U+008D67	赧	4
U+006C86	沆	4
U+008019	耙	4
U+00923A	鈺	4
U+0073F0	珰	4
U+005AD6	嫖	4
U+006FD1	濑	4
U+00997D	饽	4
U+0030B4	ゴ	4
U+005E1A	帚	4
U+009C7F	鱿	4
U+009B1F	鬟	4
U+0059AF	妯	4
U+00581E	堞	4
U+00696F	楯	4
U+0086C0	蛀	4
U+005186	円	4
U+00512A	優	4
U+0044EC	䓬	4
U+000424	Ф	4
U+008B77	護	4
U+00732C	猬	4
U+009503	锃	4
U+0089CE	觎	4
U+00866C	虬	4
U+0062BB	抻	4
U+0097E1	韡	4
U+005E19	帙	4
U+008202	舂	4
U+006D27	洧	4
U+003065	づ	4
U+00870D	蜍	4
U+00824F	艏	4
U+003DB2	㶲	4
U+0074AC	璬	4
U+0078F4	磴	4
U+008159	腙	4
U+006F8C	澌	4
U+007708	眈	4
U+007714	眔	4
U+00441B	䐛	4
U+00C721	육	4
U+00C6B0	우	4
U+00D574	해	4
U+00BB34	무	4
U+00B144	년	4
U+00B2C8	니	4
U+00BCF4	보	4
U+00C9D1	집	4
U+00BBF8	미	4
U+005442	呂	4
U+00C11D	석	4
U+00C6B8	울	4
U+00C544	아	4
U+00765E	癞	4
U+00B530	따	4
U+00C694	요	4
U+00C720	유	4
U+006F22	漢	4
U+020C3B	𠰻	4
U+008237	舷	4
U+009580	門	4
U+006426	搦	4
U+006FC2	濂	4
U+00557E	啾	4
U+002122	™	4
U+008605	蘅	4
U+00FE5E	﹞	4
U+0076B6	皶	4
U+007ABF	窿	4
U+006B8D	殍	4
U+006B93	殓	4
U+00965F	陟	4
U+005484	咄	4
U+00736D	獭	4
U+00246F	⑯	4
U+0076B2	皲	4
U+008F98	辘	4
U+008C17	谗	4
U+005156	兖	4
U+00557B	啻	4
U+0080F4	胴	4
U+009AD9	髙	4
U+005AD8	嫘	4
U+005FDC	応	4
U+008411	萑	4
U+00216B	Ⅻ	4
U+008FBB	辻	4
U+0003B9	ι	4
U+00501C	倜	4
U+0072CE	狎	4
U+008FE4	迤	4
U+007C0C	簌	4
U+006238	戸	4
U+002236	∶	4
U+005091	傑	4
U+007D76	絶	4
U+005225	別	4
U+008AAC	説	4
U+0030E1	メ	4
U+008E49	蹉	4
U+005F35	張	4
U+0091BA	醺	4
U+007B33	笳	4
U+006CA2	沢	4
U+006DEF	淯	4
U+002F42	⽂	4
U+005247	則	4
U+009CE5	鳥	4
U+0089AA	親	4
U+0074E4	瓤	4
U+0071CF	燏	4
U+0090EF	郯	4
U+005121	儡	4
U+006E11	渑	4
U+009C91	鲑	4
U+005EA0	庠	4
U+005993	妓	4
U+00542D	吭	4
U+006175	慵	4
U+0069A7	榧	4
U+002168	Ⅸ	4
U+008E51	蹑	4
U+007768	睨	4
U+007762	睢	4
U+009AA7	骧	4
U+00662B	昫	4
U+004FFE	俾	4
U+006B24	欤	4
U+0066F7	曷	4
U+0082AB	芫	4
U+009E4D	鹍	4
U+007391	玑	4
U+0052D6	勖	4
U+006CA4	沤	4
U+0080FC	胼	4
U+00FF14	４	4
U+008FBA	辺	4
U+0030D2	ヒ	4
U+008C55	豕	4
U+00951D	锝	4
U+0094EF	铯	4
U+006EA6	溦	4
U+005FBC	徼	4
U+006EA7	溧	4
U+0057AD	垭	4
U+0062A1	抡	4
U+00634E	捎	4
U+0063B4	掴	4
U+0069D8	様	4
U+008A33	訳	4
U+00738E	玎	4
U+007098	炘	4
U+008A69	詩	4
U+0088F1	裱	4
U+008882	袂	4
U+009E37	鸷	4
U+006698	暘	4
U+007EEB	绫	4
U+004EC3	仃	4
U+009EE7	黧	4
U+00017B	Ż	4
U+00558E	喎	4
U+00201A	‚	4
U+0096E3	難	4
U+0057D9	埙	4
U+007594	疔	4
U+002243	≃	4
U+006874	桴	4
U+00663A	昺	4
U+0090E4	郤	4
U+006C7A	決	4
U+0072C8	狈	4
U+006920	椠	4
U+00836D	荭	4
U+009234	鈴	4
U+008BD2	诒	4
U+005573	啳	4
U+0087DB	蟛	4
U+00871E	蜞	4
U+009471	鑱	4
U+005679	噹	4
U+0096A3	隣	4
U+003A30	㨰	4
U+0030B0	グ	4
U+004EDE	仞	4
U+006E6B	湫	4
U+00603C	怼	4
U+008200	舀	4
U+005D02	崂	4
U+0084E0	蓠	4
U+009697	隗	4
U+00669D	暝	4
U+008E7F	蹿	4
U+00848E	蒎	4
U+00E828	U+00E828	4
U+0017B3	ឳ	4
U+00E2C4	U+00E2C4	4
U+00E03A	U+00E03A	4
U+005C2D	尭	4
U+008BF6	诶	4
U+005ED1	廑	4
U+00908B	邋	4
U+009062	遢	4
U+0090DE	郞	4
U+009A9C	骜	4
U+006222	戢	4
U+008E3D	踽	4
U+00577C	坼	4
U+0078EC	磬	4
U+0094E7	铧	4
U+00210E	ℎ	4
U+0098E7	飧	4
U+0098CF	飏	4
U+007F01	缁	4
U+00867B	虻	4
U+0097AB	鞫	4
U+009983	馃	4
U+0056CD	囍	4
U+007159	煙	4
U+007511	甑	4
U+0082FE	苾	4
U+007B9D	箝	4
U+009E8B	麋	4
U+002167	Ⅷ	4
U+006E86	溆	4
U+0094E2	铢	4
U+00955D	镝	4
U+007D1A	級	4
U+00795C	祜	4
U+007DCC	緌	4
U+008C94	貔	4
U+008C85	貅	4
U+0002BA	ʺ	4
U+007E47	繇	4
U+009CC5	鳅	4
U+01D447	𝑇	4
U+005556	啖	4
U+0030BE	ゾ	4
U+00204E	⁎	4
U+007398	玘	4
U+005C99	岙	4
U+007A85	窅	4
U+00797C	祼	3
U+002044	⁄	3
U+006E1B	減	3
U+00525B	剛	3
U+002296	⊖	3
U+008B58	識	3
U+000218	Ș	3
U+00FF35	Ｕ	3
U+002ED3	⻓	3
U+00885D	衝	3
U+00016F	ů	3
U+0055B6	営	3
U+005D4B	嵋	3
U+005809	堉	3
U+007642	療	3
U+005624	嘤	3
U+009CB7	鲷	3
U+007D14	純	3
U+008385	莅	3
U+008A08	計	3
U+002267	≧	3
U+005A96	媖	3
U+006485	撅	3
U+0094FC	铼	3
U+002082	₂	3
U+00965B	陛	3
U+007826	砦	3
U+00691C	検	3
U+007640	癀	3
U+007D99	継	3
U+0098DB	飛	3
U+00FF30	Ｐ	3
U+006D43	浃	3
U+0094B6	钶	3
U+006D04	洄	3
U+008703	蜃	3
U+00752F	甯	3
U+007D93	經	3
U+009304	錄	3
U+006376	捶	3
U+00790E	礎	3
U+008ABF	調	3
U+007AD1	竑	3
U+000106	Ć	3
U+009E4C	鹌	3
U+009E51	鹑	3
U+008298	芘	3
U+00FF5C	｜	3
U+009E35	鸵	3
U+0098D1	飑	3
U+005AF1	嫱	3
U+008249	艉	3
U+006D61	浡	3
U+007399	玙	3
U+002111	ℑ	3
U+007EA5	纥	3
U+00745D	瑝	3
U+007228	爨	3
U+009AEA	髪	3
U+00876E	蝮	3
U+005501	唁	3
U+002021	‡	3
U+00679E	枞	3
U+00306C	ぬ	3
U+00570B	國	3
U+003128	ㄨ	3
U+00654E	敎	3
U+005196	冖	3
U+006CA9	沩	3
U+00305E	ぞ	3
U+00629C	抜	3
U+00BCF8	본	3
U+00D68C	회	3
U+00D45C	표	3
U+00B0B4	내	3
U+00ACA9	격	3
U+00C54A	않	3
U+00C6D4	월	3
U+00B208	눈	3
U+00C785	입	3
U+00B625	똥	3
U+00C591	양	3
U+00C548	안	3
U+00C0C8	새	3
U+00BA39	먹	3
U+00B0A8	남	3
U+00CE58	치	3
U+00AC10	감	3
U+00B978	른	3
U+00C190	손	3
U+00B9B0	린	3
U+00BC1C	발	3
U+00B17C	논	3
U+00C640	와	3
U+007EA1	纡	3
U+00AC70	거	3
U+00AC01	각	3
U+00C2DC	시	3
U+00C2E0	신	3
U+00BC14	바	3
U+00BAA8	모	3
U+00C870	조	3
U+00975C	靜	3
U+006A02	樂	3
U+0055F1	嗱	3
U+006163	慣	3
U+007AAF	窯	3
U+009C86	鲆	3
U+009C89	鲉	3
U+0084F7	蓷	3
U+009E95	麕	3
U+020B2A	𠬪	3
U+00530F	匏	3
U+009913	餓	3
U+0050B3	傳	3
U+0079AE	禮	3
U+006B7A	歺	3
U+000417	З	3
U+00307D	ぽ	3
U+002116	№	3
U+006985	榅	3
U+006482	撂	3
U+000307	̇	3
U+00637A	捺	3
U+009E2E	鸮	3
U+0083B4	莴	3
U+00FF13	３	3
U+008F73	轳	3
U+007FE6	翦	3
U+00900B	逋	3
U+0068BD	梽	3
U+0096C9	雉	3
U+005477	呷	3
U+008A60	詠	3
U+008D6A	赪	3
U+0085C1	藁	3
U+005CC1	峁	3
U+006382	掂	3
U+006002	怂	3
U+009803	頃	3
U+00680C	栌	3
U+00767C	發	3
U+009DC1	鷁	3
U+009606	阆	3
U+0030B6	ザ	3
U+005693	嚓	3
U+005C50	屐	3
U+008BA3	讣	3
U+00FE5D	﹝	3
U+006CF1	泱	3
U+009CDF	鳟	3
U+009E66	鹦	3
U+002F50	⽐	3
U+005A66	婦	3
U+009AD1	髑	3
U+008CA0	負	3
U+009C95	鲕	3
U+0052CD	勍	3
U+007800	砀	3
U+006FE0	濠	3
U+004F6F	佯	3
U+006EC8	滈	3
U+0081D1	臑	3
U+006883	梃	3
U+006B38	欸	3
U+005CE3	峣	3
U+00587D	塽	3
U+009EBE	麾	3
U+0090E2	郢	3
U+009552	镒	3
U+00600D	怍	3
U+009A6E	驮	3
U+0086B4	蚴	3
U+005431	吱	3
U+009C82	鲂	3
U+00FF17	７	3
U+009069	適	3
U+007D19	紙	3
U+004ECF	仏	3
U+0066BE	暾	3
U+0065C3	旃	3
U+0076E4	盤	3
U+005B34	嬴	3
U+0094A4	钤	3
U+0099C4	駄	3
U+00899A	覚	3
U+008347	荇	3
U+005FE4	忤	3
U+009991	馑	3
U+006585	斅	3
U+007C40	籀	3
U+00717F	煿	3
U+006DAE	涮	3
U+007785	瞅	3
U+006345	捅	3
U+0001D2	ǒ	3
U+0088CF	裏	3
U+008207	與	3
U+00996F	饯	3
U+0098E8	飨	3
U+008F03	較	3
U+005F59	彙	3
U+00987C	顼	3
U+00834F	荏	3
U+00226B	≫	3
U+008853	術	3
U+005D5B	嵛	3
U+006525	攥	3
U+007EE1	绡	3
U+008AA9	誩	3
U+0073B9	玹	3
U+008072	聲	3
U+008AF8	諸	3
U+00549B	咛	3
U+008DCE	跎	3
U+007240	牀	3
U+008A31	許	3
U+005A40	婀	3
U+005B3F	嬿	3
U+00645E	摞	3
U+007C9D	粝	3
U+008146	腆	3
U+006D91	涑	3
U+008399	莙	3
U+0067B2	枲	3
U+00FF22	Ｂ	3
U+007EA8	纨	3
U+009B47	魇	3
U+005A3C	娼	3
U+005263	剣	3
U+008FBC	込	3
U+0054A6	咦	3
U+005675	噵	3
U+002004	U+002004	3
U+00605A	恚	3
U+005FD0	忐	3
U+005FD1	忑	3
U+006D22	洢	3
U+004FCD	俍	3
U+0094F7	铷	3
U+005889	墉	3
U+009AA2	骢	3
U+0054FD	哽	3
U+008655	處	3
U+00712E	焮	3
U+005C4C	屌	3
U+006A47	橇	3
U+009AB0	骰	3
U+007230	爰	3
U+004F7A	佺	3
U+008AC7	談	3
U+006D1A	洚	3
U+0078BA	確	3
U+005E30	帰	3
U+000428	Ш	3
U+008B70	議	3
U+008052	聒	3
U+0094E1	铡	3
U+00525C	剜	3
U+008707	蜇	3
U+008AB0	誰	3
U+008DD7	跗	3
U+009730	霰	3
U+0078A3	碣	3
U+005453	呓	3
U+006B9A	殚	3
U+009F83	龃	3
U+009F89	龉	3
U+0079B3	禳	3
U+005C0E	導	3
U+0096FB	電	3
U+005F01	弁	3
U+008AB2	課	3
U+009078	選	3
U+009AED	髭	3
U+004F98	侘	3
U+005922	夢	3
U+005476	呶	3
U+009EE2	黢	3
U+00887E	衾	3
U+006AA0	檠	3
U+007B75	筵	3
U+005910	夐	3
U+009174	酴	3
U+0091BE	醾	3
U+0017A0	ហ	3
U+001792	ធ	3
U+00665C	晜	3
U+00E1FD	U+00E1FD	3
U+00E000	U+00E000	3
U+00E036	U+00E036	3
U+00E06E	U+00E06E	3
U+002609	☉	3
U+00949C	钜	3
U+00781F	砟	3
U+004FBE	侾	3
U+008572	蕲	3
U+005481	咁	3
U+00FF12	２	3
U+006369	捩	3
U+0088AA	袪	3
U+00998A	馊	3
U+00627D	扽	3
U+007859	硙	3
U+007F31	缱	3
U+007EFB	绻	3
U+008728	蜨	3
U+006246	扆	3
U+005DB7	嶷	3
U+005241	剁	3
U+005459	呙	3
U+006C21	氡	3
U+005406	吆	3
U+006D54	浔	3
U+00750D	甍	3
U+008C47	豇	3
U+005414	吔	3
U+002028	U+002028	3
U+007B5A	筚	3
U+009688	隈	3
U+0073D0	珐	3
U+0055AB	喫	3
U+006557	敗	3
U+008CEA	質	3
U+009B32	鬲	3
U+009368	鍨	3
U+006907	椇	3
U+0073E7	珧	3
U+007A4D	積	3
U+005A4D	婍	3
U+0030F4	ヴ	3
U+0030AC	ガ	3
U+004F2B	伫	3
U+006AF0	櫰	3
U+007707	眇	3
U+008291	芑	3
U+002216	∖	3
U+00752D	甭	3
U+008198	膘	3
U+007BC4	範	3
U+007481	璁	3
U+0084B9	蒹	3
U+00012D	ĭ	3
U+005CAC	岬	3
U+006339	挹	3
U+007307	猇	3
U+0070BB	炻	3
U+00998D	馍	3
U+006176	慶	3
U+00690B	椋	3
U+008C82	貂	3
U+006BEC	毬	3
U+006106	愆	3
U+000152	Œ	3
U+00FA26	都	3
U+008DC6	跆	3
U+006AA9	檩	3
U+007B31	笱	3
U+0073AD	玭	3
U+000415	Е	3
U+007F02	缂	3
U+005A9F	媟	3
U+0084EE	蓮	3
U+00585A	塚	3
U+00771B	眛	3
U+0082B4	芴	3
U+005709	圉	3
U+006F08	漈	2
U+007957	祗	2
U+0059B3	妳	2
U+0084C2	蓂	2
U+0061B9	憹	2
U+00880A	蠊	2
U+001FF6	ῶ	2
U+00F067	U+00F067	2
U+0074D2	瓒	2
U+005E79	幹	2
U+005074	側	2
U+007DE9	緩	2
U+009B03	鬃	2
U+0094AD	钭	2
U+005C9C	岜	2
U+009C60	鱠	2
U+009E28	鸨	2
U+00833F	茿	2
U+008930	褰	2
U+006CC6	泆	2
U+006A66	橦	2
U+009EFB	黻	2
U+00990A	養	2
U+0085DD	藝	2
U+005FB4	徴	2
U+007D75	絵	2
U+006294	抔	2
U+005857	塗	2
U+008DEC	跬	2
U+00968D	隍	2
U+005D34	崴	2
U+005C2A	尪	2
U+005868	塨	2
U+006980	榀	2
U+00948B	钋	2
U+004E28	丨	2
U+007F22	缢	2
U+009CB9	鲹	2
U+000148	ň	2
U+00504C	偌	2
U+0094A3	钣	2
U+008A0E	討	2
U+00602B	怫	2
U+000163	ţ	2
U+0084FC	蓼	2
U+005289	劉	2
U+00907A	遺	2
U+008AA0	誠	2
U+0053E2	叢	2
U+0030E6	ユ	2
U+00013C	ļ	2
U+009974	饴	2
U+005CBD	岽	2
U+00504E	偎	2
U+0087AB	螫	2
U+006C84	沄	2
U+0094D0	铐	2
U+009CA2	鲢	2
U+009CD9	鳙	2
U+009C87	鲇	2
U+006989	榉	2
U+0077A0	瞠	2
U+007998	禘	2
U+007023	瀣	2
U+006A2F	樯	2
U+0093D6	鏖	2
U+006BF3	毳	2
U+00625E	扞	2
U+007827	砧	2
U+00769E	皞	2
U+00635C	捜	2
U+00870A	蜊	2
U+01D465	𝑥	2
U+00582F	堯	2
U+008378	荸	2
U+008360	荠	2
U+002F64	⽤	2
U+002F45	⽅	2
U+007301	猁	2
U+002470	⑰	2
U+002471	⑱	2
U+002472	⑲	2
U+002473	⑳	2
U+003251	㉑	2
U+003252	㉒	2
U+003253	㉓	2
U+003254	㉔	2
U+009011	逑	2
U+008653	虓	2
U+008112	脒	2
U+00686A	桪	2
U+006FBC	澼	2
U+0064B5	撵	2
U+00886E	衮	2
U+009B4D	魍	2
U+009B49	魉	2
U+00956C	镬	2
U+0054A4	咤	2
U+006BD6	毖	2
U+0095AD	閭	2
U+005819	堙	2
U+0079E3	秣	2
U+0057FD	埽	2
U+008C18	谘	2
U+009146	酆	2
U+0060D3	惓	2
U+0052D7	勗	2
U+00576D	坭	2
U+00837D	荽	2
U+009554	镔	2
U+006A87	檇	2
U+009852	顒	2
U+0040FC	䃼	2
U+00634C	捌	2
U+00607F	恿	2
U+006079	恹	2
U+00577B	坻	2
U+00FF25	Ｅ	2
U+00963C	阼	2
U+007D0B	紋	2
U+00862D	蘭	2
U+00967D	陽	2
U+0059F9	姹	2
U+005ED9	廙	2
U+0088FD	製	2
U+0240E9	𤃩	2
U+007431	琱	2
U+0055BE	喾	2
U+0082E4	苤	2
U+005EFE	廾	2
U+005B80	宀	2
U+006569	敩	2
U+006581	斁	2
U+009F91	龑	2
U+0094AA	钪	2
U+009CF4	鳴	2
U+006E80	満	2
U+005E2F	帯	2
U+0050CD	働	2
U+006224	戤	2
U+00C655	왕	2
U+00B370	데	2
U+00C9C8	질	2
U+00C871	족	2
U+00ACBD	경	2
U+00D5D8	험	2
U+00D604	현	2
U+00C608	예	2
U+00C124	설	2
U+00C26C	쉬	2
U+00C9D6	짖	2
U+00C0BC	삼	2
U+00D48D	풍	2
U+00AE09	급	2
U+00B4EF	듯	2
U+00C628	온	2
U+00BBFF	믿	2
U+00BC18	반	2
U+00B7F0	런	2
U+00BC84	버	2
U+00B987	릇	2
U+00CE5C	친	2
U+00BAA9	목	2
U+00B178	노	2
U+00D654	화	2
U+0069D1	槑	2
U+0022C4	⋄	2
U+00665B	晛	2
U+006400	搀	2
U+0002C6	ˆ	2
U+00B798	래	2
U+00C131	성	2
U+00B290	느	2
U+00B07C	끼	2
U+00C5B5	억	2
U+00B5A4	떤	2
U+00AD00	관	2
U+00D504	프	2
U+00C601	영	2
U+00C6D0	원	2
U+00C2AC	슬	2
U+00C2B5	습	2
U+00C5C6	없	2
U+00B77C	라	2
U+00B193	놓	2
U+00D589	행	2
U+00B450	두	2
U+00C5F4	열	2
U+00D76C	희	2
U+00CC98	처	2
U+00AC71	걱	2
U+00C878	졸	2
U+00C2B4	슴	2
U+00B150	념	2
U+0002A4	ʤ	2
U+007E5E	繞	2
U+0069AE	榮	2
U+006703	會	2
U+007E01	縁	2
U+007D61	絡	2
U+008597	薗	2
U+005449	呉	2
U+008CAC	責	2
U+0062E1	拡	2
U+00546C	呬	2
U+008A66	試	2
U+009CBD	鲽	2
U+009C8C	鲌	2
U+007540	畀	2
U+00867A	虺	2
U+006A1B	樛	2
U+006C5C	汜	2
U+006F19	漙	2
U+0097FB	韻	2
U+008CB8	貸	2
U+006412	搒	2
U+005E5F	幟	2
U+006475	摵	2
U+007996	禖	2
U+007375	獵	2
U+008B02	謂	2
U+0081D8	臘	2
U+009729	霩	2
U+007081	炁	2
U+0059AA	妪	2
U+005785	垅	2
U+006D38	洸	2
U+007839	砹	2
U+006434	搴	2
U+007887	碇	2
U+00FF65	･	2
U+005104	億	2
U+005DE3	巣	2
U+00307C	ぼ	2
U+00202F	U+00202F	2
U+007BAC	箬	2
U+005FEA	忪	2
U+008439	萹	2
U+007172	煲	2
U+0002BC	ʼ	2
U+0084D6	蓖	2
U+007726	眦	2
U+0066E9	曩	2
U+0060AB	悫	2
U+005B40	孀	2
U+005EFF	廿	2
U+009603	阃	2
U+00614A	慊	2
U+0060C7	惇	2
U+0095F1	闱	2
U+007B4C	筌	2
U+009E5B	鹛	2
U+009B23	鬣	2
U+005925	夥	2
U+008406	萆	2
U+0085A2	薢	2
U+009120	鄠	2
U+005416	吖	2
U+00754B	畋	2
U+0055A6	喦	2
U+00FF37	Ｗ	2
U+004EE8	仨	2
U+0064B8	撸	2
U+006226	戦	2
U+008F29	輩	2
U+008CC0	賀	2
U+0059D2	姒	2
U+002F9C	⾜	2
U+007850	硐	2
U+0094FD	铽	2
U+006864	桤	2
U+007F58	罘	2
U+005041	偁	2
U+008D4D	赍	2
U+00536E	卮	2
U+009179	酹	2
U+00877C	蝼	2
U+00680A	栊	2
U+0052BE	劾	2
U+008351	荑	2
U+00970E	霎	2
U+006B39	欹	2
U+0051B4	冴	2
U+0050BE	傾	2
U+005869	塩	2
U+0096A0	隠	2
U+005527	唧	2
U+009169	酩	2
U+004E5C	乜	2
U+009EBD	麽	2
U+005F57	彗	2
U+005270	剰	2
U+008169	腩	2
U+0090B3	邳	2
U+007F45	罅	2
U+00C0B0	산	2
U+006C92	沒	2
U+007D6A	絪	2
U+0060AA	悪	2
U+006075	恵	2
U+0030DB	ホ	2
U+0056F2	囲	2
U+0030D4	ピ	2
U+008FB5	辵	2
U+005358	単	2
U+0068B4	梴	2
U+006690	暐	2
U+008B1B	講	2
U+009CA1	鲡	2
U+009CA0	鲠	2
U+008664	虤	2
U+009162	酢	2
U+007350	獐	2
U+00833A	茺	2
U+005EE9	廩	2
U+0063DA	揚	2
U+009EC3	黃	2
U+007A40	穀	2
U+005287	劇	2
U+005981	妁	2
U+00556D	啭	2
U+008BAA	讪	2
U+00606B	恫	2
U+006855	桕	2
U+0086AC	蚬	2
U+0079A4	禤	2
U+00FFFD	�	2
U+007462	瑢	2
U+009857	顗	2
U+007DCF	総	2
U+00977C	靼	2
U+005F37	強	2
U+007292	犒	2
U+005193	冓	2
U+007CF8	糸	2
U+002118	℘	2
U+008084	肄	2
U+00523D	刽	2
U+003D30	㴰	2
U+0003DC	Ϝ	2
U+004E37	丷	2
U+008F8E	辎	2
U+009835	頵	2
U+009ABA	骺	2
U+00FF10	０	2
U+008C07	谇	2
U+009A83	骃	2
U+0064DE	擞	2
U+009592	閒	2
U+00021B	ț	2
U+000411	Б	2
U+0078B4	碴	2
U+0089C7	觇	2
U+007452	瑒	2
U+00990D	餍	2
U+0088C9	裉	2
U+00FF06	＆	2
U+006097	悗	2
U+007F35	缵	2
U+000153	œ	2
U+007DAE	綮	2
U+0066B2	暲	2
U+0071E6	燦	2
U+007570	異	2
U+000129	ĩ	2
U+0054BE	咾	2
U+0085BF	薿	2
U+008D36	贶	2
U+005EFB	廻	2
U+009858	願	2
U+0094AB	钫	2
U+00758B	疋	2
U+008B69	譩	2
U+008B46	譆	2
U+006E2B	渫	2
U+007F68	罨	2
U+008CF8	賸	2
U+008182	膂	2
U+007D66	給	2
U+008037	耷	2
U+0061B6	憶	2
U+00042E	Ю	2
U+00898F	規	2
U+005997	妗	2
U+0052E0	勠	2
U+009573	镳	2
U+0053A9	厩	2
U+0069B1	榱	2
U+009A77	驷	2
U+005B5B	孛	2
U+00998B	馋	2
U+007A1E	稞	2
U+009575	镵	2
U+01D6FC	𝛼	2
U+008E09	踉	2
U+0079D5	秕	2
U+006748	杈	2
U+006D44	浄	2
U+00904B	運	2
U+008CC3	賃	2
U+007DD2	緒	2
U+00FF15	５	2
U+005FDE	忞	2
U+007625	瘥	2
U+005924	夤	2
U+0089E5	觥	2
U+0054BF	咿	2
U+008E31	踱	2
U+002262	≢	2
U+100000	U+100000	2
U+002F00	⼀	2
U+00025F	ɟ	2
U+000235	ȵ	2
U+0017AF	ឯ	2
U+00E06C	U+00E06C	2
U+00E01C	U+00E01C	2
U+00368C	㚌	2
U+009952	饒	2
U+00E04C	U+00E04C	2
U+00E00D	U+00E00D	2
U+00E051	U+00E051	2
U+0051E5	凥	2
U+009513	锓	2
U+00E05B	U+00E05B	2
U+00E04E	U+00E04E	2
U+0056C2	囂	2
U+006C23	氣	2
U+009B11	鬑	2
U+008CB0	貰	2
U+009F39	鼹	2
U+005F61	彡	2
U+008FFB	迻	2
U+0095E9	闩	2
U+004DAE	䶮	2
U+001F7B	ύ	2
U+0074A5	璥	2
U+007F2F	缯	2
U+007B2E	笮	2
U+005ECB	廋	2
U+005C59	屙	2
U+007A51	穑	2
U+005EE3	廣	2
U+0054D5	哕	2
U+008129	脩	2
U+0052B5	劵	2
U+006900	椀	2
U+007EF6	绶	2
U+005C7E	屾	2
U+0073F5	珵	2
U+009557	镗	2
U+007F36	缶	2
U+006669	晩	2
U+01D451	𝑑	2
U+007ADC	竜	2
U+005478	呸	2
U+005363	卣	2
U+0096E0	雠	2
U+009612	阒	2
U+0088B4	袴	2
U+005CEF	峯	2
U+004F5D	佝	2
U+007D39	紹	2
U+0074D8	瓘	2
U+006F46	潆	2
U+006D94	涔	2
U+005AFD	嫽	2
U+009A78	驸	2
U+009016	逖	2
U+008D47	赇	2
U+00FF62	｢	2
U+00FF63	｣	2
U+006D99	涙	2
U+006612	昒	2
U+002002	U+002002	2
U+008839	蠹	2
U+008B90	讐	2
U+006B53	歓	2
U+008CB4	貴	2
U+0078EF	磯	2
U+009EE0	黠	2
U+00742D	琭	2
U+007C03	簃	2
U+006CDD	泝	2
U+009EFE	黾	2
U+00989B	颛	2
U+004F96	侖	2
U+009CE2	鳢	2
U+006C68	汨	2
U+008092	肒	2
U+0083C2	菂	2
U+00770E	眎	2
U+009EB9	麹	2
U+009CB1	鲱	2
U+00830F	茏	2
U+008BA6	讦	2
U+00622C	戬	2
U+0077CD	矍	2
U+005E44	幄	2
U+009AA1	骡	2
U+004F40	佀	2
U+007EF9	绹	2
U+007B93	箓	2
U+0078F5	磵	2
U+006CC5	泅	2
U+0056F3	図	2
U+009DF2	鷲	2
U+009678	陸	2
U+0030B2	ゲ	2
U+007DCA	緊	2
U+006371	捱	2
U+000192	ƒ	2
U+006E3C	渼	2
U+006C05	氅	2
U+008114	脔	2
U+009AEF	髯	2
U+009512	锒	2
U+006D4D	浍	2
U+005D24	崤	2
U+007107	焇	2
U+000426	Ц	2
U+005C74	屴	2
U+00500F	倏	2
U+008364	荤	2
U+009997	馗	2
U+005E5E	幞	2
U+0098EE	飮	2
U+005E14	帔	2
U+0072DB	狛	2
U+00686D	桭	2
U+0071B3	熳	2
U+006019	怙	2
U+009765	靥	2
U+006D2B	洫	2
U+0021CC	⇌	2
U+0098A6	颦	2
U+009A95	骕	2
U+0098D5	飕	2
U+00668E	暎	2
U+0030AE	ギ	2
U+0030E2	モ	2
U+005C64	層	2
U+008AAD	読	2
U+008D73	赳	2
U+004EEB	仫	2
U+009A8E	骎	2
U+004E69	乩	2
U+008BE4	诤	2
U+006085	悅	2
U+007187	熇	2
U+0094B9	钹	2
U+006217	戗	2
U+0097FF	響	2
U+008886	袆	2
U+00F967	不	2
U+00F9BA	了	2
U+005275	創	2
U+005ECC	廌	2
U+00952C	锬	2
U+009993	馓	2
U+007242	牂	2
U+007241	牁	2
U+002084	₄	2
U+002086	₆	2
U+00887D	衽	2
U+01D45B	𝑛	2
U+005482	咂	2
U+008F8B	辋	2
U+005C66	屦	2
U+00737E	獾	2
U+0050EE	僮	2
U+006B0A	權	2
U+002A52	⩒	2
U+00988B	颋	2
U+00636F	捯	2
U+0072DD	狝	2
U+006755	杕	2
U+008BD4	诔	2
U+009914	餔	2
U+0091A8	醨	2
U+005A38	娸	2
U+009AE1	髡	2
U+008AA4	誤	2
U+00629E	択	2
U+00678F	枏	2
U+00618D	憍	2
U+004F85	侅	2
U+006CB4	沴	2
U+00028C	ʌ	2
U+000292	ʒ	2
U+00838A	莊	2
U+0089A9	覩	2
U+007F82	羂	2
U+00934A	鍊	2
U+0049DF	䧟	2
U+006F92	澒	2
U+0090A1	邡	2
U+008117	脗	2
U+0068C4	棄	1
U+006100	愀	1
U+005107	儇	1
U+0058F5	壵	1
U+008BE8	诨	1
U+0063F6	揶	1
U+0063C4	揄	1
U+008F87	辇	1
U+00789C	碜	1
U+005C28	尨	1
U+007468	瑨	1
U+002EC6	⻆	1
U+0098EF	飯	1
U+007E2E	縮	1
U+007987	禇	1
U+006243	扃	1
U+00FF50	ｐ	1
U+002224	∤	1
U+0056E3	団	1
U+008208	興	1
U+006442	摂	1
U+008A95	誕	1
U+00FF3A	Ｚ	1
U+005A9E	媞	1
U+00E5E5	U+00E5E5	1
U+0053B6	厶	1
U+0057B8	垸	1
U+008FF4	迴	1
U+008CE8	賨	1
U+008914	褔	1
U+008F82	辂	1
U+00537A	卺	1
U+00507D	偽	1
U+007D9C	綜	1
U+004EBB	亻	1
U+0069CA	槊	1
U+006EB1	溱	1
U+0083FC	菼	1
U+00921C	鈜	1
U+0068B6	梶	1
U+0081E8	臨	1
U+0096D1	雑	1
U+009C8A	鲊	1
U+005036	倶	1
U+00579E	垞	1
U+008CFD	賽	1
U+002581	▁	1
U+0073A6	玦	1
U+00FF58	ｘ	1
U+0090BE	邾	1
U+006CC1	況	1
U+008314	茔	1
U+005A60	婠	1
U+009156	酖	1
U+007595	疕	1
U+008934	褴	1
U+00891B	褛	1
U+008987	覇	1
U+01D6CC	𝛌	1
U+00739A	玚	1
U+01D45F	𝑟	1
U+0057C7	埇	1
U+0065DB	旛	1
U+006D9E	涞	1
U+00673F	朿	1
U+0068A3	梣	1
U+006CEB	泫	1
U+009E62	鹢	1
U+00011E	Ğ	1
U+009E48	鹈	1
U+009E55	鹕	1
U+00538D	厍	1
U+006E09	渉	1
U+002F8F	⾏	1
U+002F12	⼒	1
U+002F09	⼉	1
U+00835C	荜	1
U+007B69	筩	1
U+00731E	猞	1
U+00857B	蕻	1
U+0051D6	凖	1
U+003255	㉕	1
U+003256	㉖	1
U+003257	㉗	1
U+003258	㉘	1
U+00712B	焫	1
U+0075CF	痏	1
U+005C7A	屺	1
U+0069E0	槠	1
U+0082BE	芾	1
U+005372	卲	1
U+006114	愔	1
U+009A99	骙	1
U+0025E6	◦	1
U+006D49	浉	1
U+006F86	澆	1
U+007386	玆	1
U+0087D2	蟒	1
U+007ED0	绐	1
U+0060D2	惒	1
U+009B51	魑	1
U+009739	霹	1
U+0071CB	燋	1
U+006EE0	滠	1
U+00615D	慝	1
U+00609B	悛	1
U+0090BA	邺	1
U+0091A2	醢	1
U+0077DE	矞	1
U+007F74	罴	1
U+005FDD	忝	1
U+006C10	氐	1
U+005ABE	媾	1
U+0074A1	璡	1
U+004EB6	亶	1
U+007C53	籓	1
U+008C2E	谮	1
U+007E1A	縚	1
U+004E31	丱	1
U+0089D0	觐	1
U+009137	鄷	1
U+007A80	窀	1
U+007A78	穸	1
U+00756F	畯	1
U+006483	撃	1
U+006164	慤	1
U+007DE3	緣	1
U+005240	剀	1
U+005A63	婣	1
U+006B81	殁	1
U+0075FE	痾	1
U+0063BE	掾	1
U+006E8D	溍	1
U+009565	镥	1
U+0075E0	痠	1
U+005293	劓	1
U+005216	刖	1
U+00889B	袛	1
U+00572E	圮	1
U+00860B	蘋	1
U+0084C7	蓇	1
U+008456	葖	1
U+0082A3	芣	1
U+0082E2	苢	1
U+009AB1	骱	1
U+008BB5	讵	1
U+0080B7	肷	1
U+0021B2	↲	1
U+006695	暕	1
U+0077F0	矰	1
U+005541	啁	1
U+0054DE	哞	1
U+00568E	嚎	1
U+006D23	洣	1
U+0065F3	旳	1
U+008077	職	1
U+006E2C	測	1
U+006FDE	濞	1
U+00531A	匚	1
U+00877E	蝾	1
U+008788	螈	1
U+007573	畳	1
U+005CE0	峠	1
U+0052B4	労	1
U+007D62	絢	1
U+00721B	爛	1
U+0092ED	鋭	1
U+000111	đ	1
U+000456	і	1
U+003D1C	㴜	1
U+006E64	湤	1
U+005066	偦	1
U+003A01	㨁	1
U+00687B	桻	1
U+004AD3	䫓	1
U+007C15	簕	1
U+0066C9	曉	1
U+006578	數	1
U+008F49	轉	1
U+0001E7	ǧ	1
U+0069E8	槨	1
U+005EFC	廼	1
U+005D1F	崟	1
U+009451	鑑	1
U+007331	猱	1
U+007BD9	篙	1
U+00825A	艚	1
U+006A17	樗	1
U+008D91	趑	1
U+008D84	趄	1
U+004F82	侂	1
U+0057F8	埸	1
U+0064D0	擐	1
U+008798	螘	1
U+008780	螀	1
U+0087BF	螿	1
U+0097DD	韝	1
U+006B84	殄	1
U+00875F	蝟	1
U+0078D4	磔	1
U+00789B	碛	1
U+00766F	癯	1
U+008764	蝤	1
U+0086F4	蛴	1
U+008793	螓	1
U+00979E	鞞	1
U+005262	剢	1
U+0077C7	矇	1
U+0087F2	蟲	1
U+006535	攵	1
U+0068F9	棹	1
U+0050A5	傥	1
U+005CA2	岢	1
U+009744	靄	1
U+009727	霧	1
U+009A5A	驚	1
U+0082FA	苺	1
U+0093BA	鎺	1
U+00811B	脛	1
U+0061D0	懐	1
U+005712	園	1
U+008E91	躑	1
U+008E85	躅	1
U+006FC3	濃	1
U+007DD1	緑	1
U+007BC0	節	1
U+009054	達	1
U+0062F6	拶	1
U+008FB2	農	1
U+007832	砲	1
U+0056DD	囝	1
U+0063AE	掮	1
U+005594	喔	1
U+004EB8	亸	1
U+00D61C	혜	1
U+00B2E8	단	1
U+00D65C	활	1
U+00B824	려	1
U+00C900	준	1
U+00C7A0	잠	1
U+00D070	큰	1
U+00B2F9	당	1
U+00BCC0	변	1
U+00C808	절	1
U+00B6F0	뛰	1
U+00B118	넘	1
U+00B0A0	날	1
U+00C2F8	싸	1
U+00B9DB	맛	1
U+00D669	황	1
U+00AC08	갈	1
U+00AE38	길	1
U+00C2DD	식	1
U+00C6CC	워	1
U+00B2F7	닷	1
U+00B418	되	1
U+00B354	더	1
U+00C5BB	얻	1
U+00BC8C	벌	1
U+00C2B9	승	1
U+00C4F4	쓴	1
U+00C7AC	재	1
U+00C55E	앞	1
U+00AF2C	꼬	1
U+00CCD0	쳐	1
U+00C798	잘	1
U+00D314	팔	1
U+00B3FC	돼	1
U+00BE68	빨	1
U+00BABD	몽	1
U+00C57D	약	1
U+00AFC8	꿈	1
U+00AC13	갓	1
U+00CD98	춘	1
U+00B9E4	매	1
U+00D1B5	통	1
U+00BA85	명	1
U+00C9D5	징	1
U+00BD84	분	1
U+006957	楗	1
U+027FF9	𧿹	1
U+0055AE	單	1
U+00619A	憚	1
U+0056EF	囯	1
U+009079	遹	1
U+007881	碁	1
U+00630E	挎	1
U+006C8F	沏	1
U+0001DA	ǚ	1
U+009321	錡	1
U+00B2CC	닌	1
U+00D488	품	1
U+00D0DC	태	1
U+00ACF3	곳	1
U+00B958	류	1
U+00D06C	크	1
U+00B545	땅	1
U+00ACBC	겼	1
U+00C8FD	죽	1
U+00B780	란	1
U+00D56D	항	1
U+00C5C4	엄	1
U+00BA70	며	1
U+00C0B4	살	1
U+00B840	례	1
U+00BA78	멸	1
U+00C9C4	진	1
U+00CF1C	켜	1
U+00B099	낙	1
U+00CCA9	첩	1
U+00B05D	끝	1
U+00C2F6	싶	1
U+00ACC4	계	1
U+00D68D	획	1
U+00C5C8	었	1
U+00C545	악	1
U+00D718	휘	1
U+00D588	했	1
U+00B141	녁	1
U+00B9DE	맞	1
U+00CDC4	췄	1
U+00D638	호	1
U+00D759	흙	1
U+00D0D5	탕	1
U+00B2E5	닥	1
U+00B531	딱	1
U+00C88B	좋	1
U+00BC15	박	1
U+00D614	혔	1
U+00C625	옥	1
U+00C1C4	쇄	1
U+00B204	누	1
U+00D560	할	1
U+00B807	렇	1
U+00C791	작	1
U+00AC74	건	1
U+00B611	똑	1
U+00D514	픔	1
U+00C068	쁨	1
U+00C5D4	엔	1
U+00BCBD	벽	1
U+00B108	너	1
U+00D141	텁	1
U+00D569	합	1
U+00BE5B	빛	1
U+00B85D	록	1
U+00D640	홀	1
U+00ACA0	겠	1
U+00C6C3	웃	1
U+00C560	애	1
U+00B77D	락	1
U+00C598	얘	1
U+00AC16	갖	1
U+00C0B6	삶	1
U+00AFD4	꿔	1
U+00AE08	금	1
U+00CCAD	청	1
U+00D0C8	탈	1
U+00C120	선	1
U+00CC38	참	1
U+00D53C	피	1
U+00C904	줄	1
U+00C998	즘	1
U+00B7FC	럼	1
U+00C0D8	샘	1
U+00B9C9	막	1
U+00D600	혀	1
U+00D30C	파	1
U+00D544	필	1
U+00CC28	차	1
U+00B73B	뜻	1
U+00CDE8	취	1
U+00ACB8	겸	1
U+00CEE4	커	1
U+00BBA4	뮤	1
U+00CF00	케	1
U+00C158	션	1
U+00BD81	북	1
U+00C2A4	스	1
U+00B959	륙	1
U+004F86	來	1
U+008AAA	說	1
U+006B61	歡	1
U+006D5E	浞	1
U+006713	朓	1
U+00771C	眜	1
U+009528	锨	1
U+00820E	舎	1
U+0096F0	雰	1
U+0095D8	闘	1
U+00984D	額	1
U+007A2E	種	1
U+008AFA	諺	1
U+00580B	堋	1
U+0071BA	熺	1
U+006A3A	樺	1
U+007E44	繄	1
U+007B8B	箋	1
U+006399	掙	1
U+008CDE	賞	1
U+0086B5	蚵	1
U+00539D	厝	1
U+00869D	蚝	1
U+0065F0	旰	1
U+006CB0	沰	1
U+0094E6	铦	1
U+008E90	躐	1
U+0052A2	劢	1
U+004F74	佴	1
U+006844	桄	1
U+00615C	慜	1
U+005CD8	峘	1
U+002FAE	⾮	1
U+009969	饩	1
U+0081DC	臜	1
U+0064CA	擊	1
U+0058EF	壯	1
U+0082C3	苃	1
U+005EB3	庳	1
U+008743	蝃	1
U+008740	蝀	1
U+00959F	閟	1
U+008C73	豳	1
U+006A15	樕	1
U+00834E	荎	1
U+006FD5	濕	1
U+0082CC	苌	1
U+00929A	銚	1
U+008CA8	貨	1
U+008D0A	贊	1
U+00984F	顏	1
U+00912D	鄭	1
U+005009	倉	1
U+0093E2	鏢	1
U+007576	當	1
U+007232	爲	1
U+008B49	證	1
U+007A31	稱	1
U+009EE8	黨	1
U+00932E	錮	1
U+00841A	萚	1
U+005474	呴	1
U+005B53	孓	1
U+006FA3	澣	1
U+009322	錢	1
U+008C9D	貝	1
U+004E26	並	1
U+009214	鈔	1
U+008A2D	設	1
U+0088E0	裠	1
U+008209	舉	1
U+00842C	萬	1
U+009EA5	麥	1
U+008D04	贄	1
U+005100	儀	1
U+009AD4	體	1
U+007336	猶	1
U+007192	熒	1
U+007A3A	稺	1
U+007D3E	紾	1
U+006190	憐	1
U+006026	怦	1
U+008DE1	跡	1
U+005DFB	巻	1
U+007DBA	綺	1
U+008B5A	譚	1
U+0082F6	苶	1
U+00638A	掊	1
U+00817C	腼	1
U+007339	猹	1
U+009F8C	龌	1
U+009F8A	龊	1
U+00833C	茼	1
U+00CD08	초	1
U+00784F	硏	1
U+007F5B	罛	1
U+006441	摁	1
U+00950D	锍	1
U+0086DE	蛞	1
U+008753	蝓	1
U+0069F1	槱	1
U+01D466	𝑦	1
U+00887F	衿	1
U+004403	䐃	1
U+0081B9	膹	1
U+0083C9	菉	1
U+0082F4	苴	1
U+007BA7	箧	1
U+006A5A	橚	1
U+00FF2C	Ｌ	1
U+00551B	唛	1
U+00FF39	Ｙ	1
U+005B56	孖	1
U+0053D2	叒	1
U+0053D5	叕	1
U+005BAC	宬	1
U+0083B0	莰	1
U+00784C	硌	1
U+008765	蝥	1
U+008A67	詧	1
U+0030DC	ボ	1
U+00970A	霊	1
U+008535	蔵	1
U+009298	銘	1
U+003056	ざ	1
U+005C0B	尋	1
U+0053CE	収	1
U+008CA1	財	1
U+008F2A	輪	1
U+008CAF	貯	1
U+005E33	帳	1
U+0096E2	離	1
U+007953	祓	1
U+008CBC	貼	1
U+007D1B	紛	1
U+007579	畹	1
U+00561A	嘚	1
U+004F22	伢	1
U+009A6A	驪	1
U+0063E9	揩	1
U+00013E	ľ	1
U+0062CB	拋	1
U+0079B8	禸	1
U+0053B9	厹	1
U+005155	兕	1
U+009A7A	驺	1
U+00515F	兟	1
U+006667	晧	1
U+006997	榗	1
U+005F82	徂	1
U+00558F	喏	1
U+005FD6	忖	1
U+006C6D	汭	1
U+008C9F	貟	1
U+0093D8	鏘	1
U+0081FA	臺	1
U+008A34	訴	1
U+00865F	號	1
U+0096DC	雜	1
U+004F25	伥	1
U+007321	猡	1
U+0022B4	⊴	1
U+007CB5	粵	1
U+004FBB	侻	1
U+009A96	骖	1
U+005A4A	婊	1
U+009142	酂	1
U+008014	耔	1
U+002076	⁶	1
U+008191	膑	1
U+007FD9	翙	1
U+0063AD	掭	1
U+005202	刂	1
U+00996B	饫	1
U+006078	恸	1
U+002F24	⼤	1
U+002F2D	⼭	1
U+009A57	驗	1
U+007329	猩	1
U+000397	Η	1
U+004E1F	丟	1
U+008E2B	踫	1
U+006E81	溁	1
U+00FE31	︱	1
U+0053E1	叡	1
U+00518F	冏	1
U+005800	堀	1
U+009CDD	鳝	1
U+0067E2	柢	1
U+0075DD	痝	1
U+008E7B	蹻	1
U+008843	衃	1
U+0080EC	胬	1
U+009515	锕	1
U+0092A4	銤	1
U+0080EF	胯	1
U+007D71	統	1
U+007E4D	繍	1
U+00982C	頬	1
U+0077EF	矯	1
U+006255	払	1
U+006975	極	1
U+005302	匂	1
U+008074	聴	1
U+00FE42	﹂	1
U+007AAA	窪	1
U+009673	陳	1
U+006D0C	洌	1
U+008EFD	軽	1
U+009AA0	骠	1
U+005588	喈	1
U+0056D8	囘	1
U+0074B9	璹	1
U+007BB8	箸	1
U+0085C4	藄	1
U+0068F0	棰	1
U+009490	钐	1
U+0096BB	隻	1
U+005D04	崄	1
U+005567	啧	1
U+005380	厀	1
U+00569C	嚜	1
U+00030A	̊	1
U+004F7E	佾	1
U+0067DD	柝	1
U+008028	耨	1
U+005F58	彘	1
U+00698A	榊	1
U+004ECC	仌	1
U+004E78	乸	1
U+00FF3B	［	1
U+00FF3D	］	1
U+00839C	莜	1
U+0079FE	秾	1
U+00738F	玏	1
U+005FC4	忄	1
U+008DE9	跩	1
U+0099A1	馡	1
U+008DC4	跄	1
U+006EBD	溽	1
U+0084B4	蒴	1
U+0062D5	拕	1
U+00FF2E	Ｎ	1
U+007551	畑	1
U+00305C	ぜ	1
U+004FC2	係	1
U+006EDD	滝	1
U+003EC9	㻉	1
U+000306	̆	1
U+009977	饷	1
U+00956A	镪	1
U+007D79	絹	1
U+00755A	畚	1
U+004FF5	俵	1
U+0091DD	針	1
U+021FEE	𡿮	1
U+025F7F	𥽿	1
U+005E7E	幾	1
U+0075AD	疭	1
U+0055CD	嗍	1
U+0080B8	肸	1
U+0084BB	蒻	1
U+008772	蝲	1
U+0086C4	蛄	1
U+007DF4	練	1
U+009306	錆	1
U+007560	畠	1
U+0071B1	熱	1
U+008B0E	謎	1
U+009283	銃	1
U+008A3C	証	1
U+0080AD	肭	1
U+001EC5	ễ	1
U+000110	Đ	1
U+007471	瑱	1
U+0083E2	菢	1
U+008E58	蹘	1
U+0071A5	熥	1
U+00995F	饟	1
U+007CFE	糾	1
U+00939B	鎛	1
U+008D99	趙	1
U+008F09	載	1
U+009D02	鴂	1
U+004E82	亂	1
U+006582	斂	1
U+006286	抆	1
U+00966C	陬	1
U+0059F1	姱	1
U+0097BF	鞿	1
U+008BFC	诼	1
U+00506D	偭	1
U+008888	袈	1
U+0088DF	裟	1
U+00601B	怛	1
U+0072FB	狻	1
U+00730A	猊	1
U+0057CF	埏	1
U+006BFE	毾	1
U+003CAA	㲪	1
U+007FC3	翃	1
U+00859D	薝	1
U+009D70	鵰	1
U+009F0D	鼍	1
U+007EFE	绾	1
U+009E02	鸂	1
U+009D92	鶒	1
U+005E0F	帏	1
U+005028	倨	1
U+00013D	Ľ	1
U+00FB02	ﬂ	1
U+002F29	⼩	1
U+002F54	⽔	1
U+006773	杳	1
U+005208	刈	1
U+002F26	⼦	1
U+00021A	Ț	1
U+001782	គ	1
U+001797	ភ	1
U+001783	ឃ	1
U+0017C0	ៀ	1
U+00691F	椟	1
U+0017AA	ឪ	1
U+0017BE	ើ	1
U+00178E	ណ	1
U+001795	ផ	1
U+0017B9	ឹ	1
U+0017AC	ឬ	1
U+007606	瘆	1
U+00E074	U+00E074	1
U+00E07D	U+00E07D	1
U+00E052	U+00E052	1
U+009F4A	齊	1
U+005C62	屢	1
U+00929C	銜	1
U+0241B5	𤆵	1
U+00E070	U+00E070	1
U+00E005	U+00E005	1
U+0091CB	釋	1
U+00E068	U+00E068	1
U+00E0A5	U+00E0A5	1
U+004B70	䭰	1
U+006CFA	泺	1
U+005FFF	忿	1
U+00965C	陜	1
U+006EF9	滹	1
U+00884E	衎	1
U+0099B5	馵	1
U+009A0B	騋	1
U+0099E5	駥	1
U+009A98	骘	1
U+009A07	騇	1
U+007972	祲	1
U+005928	夨	1
U+0059B5	妵	1
U+0059D6	姖	1
U+0076E7	盧	1
U+0055D7	嗗	1
U+0051C3	凃	1
U+007C67	籧	1
U+009AA9	骩	1
U+00960F	阏	1
U+005686	嚆	1
U+008816	蠖	1
U+0077E7	矧	1
U+00208B	₋	1
U+00948F	钏	1
U+0073E5	珥	1
U+00965E	陞	1
U+0086BA	蚺	1
U+007817	砗	1
U+0078F2	磲	1
U+00799A	禚	1
U+007352	獒	1
U+0072E8	狨	1
U+009F29	鼩	1
U+005B05	嬅	1
U+006F5F	潟	1
U+00752A	甪	1
U+007086	炆	1
U+0021D0	⇐	1
U+007632	瘲	1
U+0077A4	瞤	1
U+007780	瞀	1
U+0068FB	棻	1
U+0075B0	疰	1
U+00797E	祾	1
U+001F7D	ώ	1
U+0076F9	盹	1
U+00025C	ɜ	1
U+006104	愄	1
U+0072FD	狽	1
U+005D26	崦	1
U+0056E7	囧	1
U+008C62	豢	1
U+005961	奡	1
U+007486	璆	1
U+006677	晷	1
U+00931E	錞	1
U+00550E	唎	1
U+005CD2	峒	1
U+0069EA	槪	1
U+0003AD	έ	1
U+005881	墁	1
U+00852A	蔪	1
U+00962C	阬	1
U+0088E7	裧	1
U+007B2B	笫	1
U+00856A	蕪	1
U+007B25	笥	1
U+0054A9	咩	1
U+00757B	畻	1
U+005AF2	嫲	1
U+006661	晡	1
U+005647	噇	1
U+009DDF	鷟	1
U+004F65	佥	1
U+0077BD	瞽	1
U+007CC1	糁	1
U+0001DC	ǜ	1
U+001E91	ẑ	1
U+000109	ĉ	1
U+00015D	ŝ	1
U+0096DA	雚	1
U+004FE4	俤	1
U+007F11	缑	1
U+0057ED	埭	1
U+006D6F	浯	1
U+006265	扥	1
U+005775	坵	1
U+0066BB	暻	1
U+0003BF	ο	1
U+0003AF	ί	1
U+0003AC	ά	1
U+002EC4	⻄	1
U+0068BF	梿	1
U+0058FD	壽	1
U+006046	恆	1
U+0071DF	營	1
U+006801	栁	1
U+005820	堠	1
U+00580C	堌	1
U+005522	唢	1
U+007583	疃	1
U+00543F	吿	1
U+006E49	湉	1
U+0053F5	叵	1
U+0052E3	勣	1
U+006E5C	湜	1
U+00865B	虛	1
U+00610E	愎	1
U+009C8B	鲋	1
U+00668C	暌	1
U+0090A8	邨	1
U+006065	恥	1
U+008A0A	訊	1
U+006589	斉	1
U+0058FA	壺	1
U+00697D	楽	1
U+0059AC	妬	1
U+0064B2	撲	1
U+00707D	災	1
U+008CE2	賢	1
U+00567A	噺	1
U+00569E	嚞	1
U+005D50	嵐	1
U+006C37	氷	1
U+0085AC	薬	1
U+007CE7	糧	1
U+007C60	籠	1
U+00892F	褯	1
U+0093CA	鏊	1
U+00589C	墜	1
U+008168	腨	1
U+007FEF	翯	1
U+00764E	癎	1
U+005F95	徕	1
U+008DB5	趵	1
U+006901	椁	1
U+00729F	犟	1
U+00751D	甝	1
U+0067DE	柞	1
U+00778B	瞋	1
U+007DDC	緜	1
U+00216A	Ⅺ	1
U+0073D5	珕	1
U+004D16	䴖	1
U+007B21	笡	1
U+007719	眙	1
U+008366	荦	1
U+008A38	訸	1
U+007BEF	篯	1
U+007AE6	竦	1
U+007FFA	翺	1
U+008C25	谥	1
U+0078FB	磻	1
U+004F0B	伋	1
U+009E31	鸱	1
U+008758	蝘	1
U+00502B	倫	1
U+0070DD	烝	1
U+007683	皃	1
U+006F78	潸	1
U+00FF18	８	1
U+00FF3F	＿	1
U+007D5C	絜	1
U+005E77	幷	1
U+0076AF	皯	1
U+00FF19	９	1
U+007ED4	绔	1
U+009C9B	鲛	1
U+009C80	鲀	1
U+0041F2	䇲	1
U+009CBB	鲻	1
U+0085B7	薷	1
U+009E2B	鸫	1
U+009795	鞕	1
U+00794D	祍	1
U+006B02	欂	1
U+007ECB	绋	1
U+005A5E	婞	1
U+0096BC	隼	1
U+00596D	奭	1
U+009994	馔	1
U+00863C	蘼	1
U+0094D9	铙	1
U+0067B5	枵	1
U+003D73	㵳	1
U+004FDC	俜	1
U+0055B1	喱	1
U+005550	啐	1
U+0081CA	臊	1
U+009123	鄣	1
U+008907	複	1
U+006645	晅	1
U+006319	挙	1
U+006F64	潤	1
U+008A2A	訪	1
U+008B19	謙	1
U+008B72	譲	1
U+008CBB	費	1
U+008996	視	1
U+00639B	掛	1
U+00702C	瀬	1
U+007765	睥	1
U+0078A5	碥	1
U+00676C	杬	1
U+006C78	汸	1
U+01D456	𝑖	1
U+01D457	𝑗	1
U+002F1F	⼟	1
U+005A73	婳	1
U+00572F	圯	1
U+000429	Щ	1
U+008860	衠	1
U+008709	蜉	1
U+008763	蝣	1
U+007C1F	簟	1
U+0087C6	蟆	1
U+0070FA	烺	1
U+006035	怵	1
U+005611	嘑	1
U+008E30	踰	1
U+0059A3	妣	1
U+0094F3	铳	1
U+00D63C	혼	1
U+0003CE	ώ	1
U+005A2D	娭	1
U+006BD1	毑	1
U+007F2B	缫	1
U+007681	皁	1
U+00FF04	＄	1
U+006A5B	橛	1
U+0050AB	傫	1
U+005F12	弒	1
U+004FA9	侩	1
U+0053F1	叱	1
U+0082A7	芧	1
U+0076EC	盬	1
U+007F5F	罟	1
U+005CAB	岫	1
U+00933E	錾	1
U+008C98	貘	1
U+008538	蔸	1
U+009613	阓	1
U+0067B0	枰	1
U+00FF59	ｙ	1
U+00FF4D	ｍ	1
U+008C8A	貊	1
U+006E74	湴	1
U+0073A2	玢	1
U+005C17	尗	1
U+006042	恂	1
U+0060EA	惪	1
U+00F02D	U+00F02D	1
U+009026	逦	1
U+006C46	汆	1
U+008C3F	谿	1
U+005600	嘀	1
U+009883	颃	1
U+006A91	檑	1
U+007A68	穨	1
U+0080E0	胠	1
U+0087B3	螳	1
U+007328	猨	1
U+009E6F	鹯	1
U+0068D0	棐	1
U+006A9E	檞	1
U+004F49	佉	1
U+0067AC	枬	1
U+0030A9	ォ	1
U+003049	ぉ	1
U+0030CC	ヌ	1
U+006575	敵	1
U+00500B	個	1
U+006BBA	殺	1
U+007C26	簦	1
U+008E5A	蹚	1
U+009955	饕	1
U+00992E	餮	1
U+0054D9	哙	1
U+009E49	鹉	1
U+007BE4	篤	1
U+0099AC	馬	1
U+006DBC	涼	1
U+005CA7	岧	1
U+005D12	崒	1
U+005D42	嵂	1
U+008BA7	讧	1
U+0091AE	醮	1
U+00759B	疛	1
U+0060A5	悥	1
U+007593	疓	1
U+000387	·	1
U+00F0B7	U+00F0B7	1
U+0061AD	憭	1
U+008DFA	跺	1
U+004FB6	侶	1
U+00FF26	Ｆ	1
U+00F969	數	1
U+00F9CD	留	1
U+005716	圖	1
U+007116	焖	1
U+00704B	灋	1
U+009326	錦	1
U+005354	協	1
U+00920A	鈊	1
U+0065FD	旽	1
U+00227C	≼	1
U+0057A4	垤	1
U+00502E	倮	1
U+0057D7	埗	1
U+006ED8	滘	1
U+0053C6	叆	1
U+00909B	邛	1
U+005D03	崃	1
U+002085	₅	1
U+002088	₈	1
U+005A6B	婫	1
U+008223	舣	1
U+006C4A	汊	1
U+01D703	𝜃	1
U+002570	╰	1
U+002035	‵	1
U+00256F	╯	1
U+006710	朐	1
U+00207B	⁻	1
U+004D5F	䵟	1
U+0076C5	盅	1
U+009767	靧	1
U+00692B	椫	1
U+00F082	U+00F082	1
U+0094CA	铊	1
U+00564C	噌	1
U+0071E1	燡	1
U+006834	栴	1
U+0076F3	盳	1
U+00700D	瀍	1
U+0090BD	邽	1
U+005880	墀	1
U+006C9A	沚	1
U+006E72	湲	1
U+005B65	孥	1
U+0067FD	柽	1
U+000158	Ř	1
U+000416	Ж	1
U+00042D	Э	1
U+008DF9	跹	1
U+0086F2	蛲	1
U+005106	儆	1
U+00996C	饬	1
U+01D6F2	𝛲	1
U+00904A	遊	1
U+0004E7	ӧ	1
U+005664	噤	1
U+006E54	湔	1
U+00855E	蕞	1
U+008BCE	诎	1
U+004E36	丶	1
U+008982	覂	1
U+007EC9	绉	1
U+007BFC	篼	1
U+006283	抃	1
U+009AAB	骫	1
U+009AB3	骳	1
U+0076E9	盩	1
U+005394	厔	1
U+0095F3	闳	1
U+008BEE	诮	1
U+007995	禕	1
U+00758C	疌	1
U+0097D3	韓	1
U+009C97	鲗	1
U+008606	蘆	1
U+00200C	U+00200C	1
U+006509	攉	1
U+00835B	荛	1
U+007DE0	締	1
U+0052D9	務	1
U+007D7A	絺	1
U+007D8C	綌	1
U+0084E7	蓧	1
U+009AEB	髫	1
U+00872E	蜮	1
U+005EDB	廛	1
U+0075B4	疴	1
U+002175	ⅵ	1
U+009CA5	鲥	1
U+0065F5	旵	1
U+008300	茀	1
U+00990B	餋	1
U+0077FC	矼	1
U+008DC2	跂	1
U+0094BD	钽	1
U+0043DA	䏚	1
U+006126	愦	1
U+000137	ķ	1
U+008F14	輔	1
U+00694A	楊	1
U+007AF6	競	1
U+00951B	锛	1
U+008D52	赒	1
U+00FF29	Ｉ	1
U+00FF24	Ｄ	1
U+005AEA	嫪	1
U+00755B	畛	1
U+0088F5	裵	1
U+0057C8	埈	1
U+0059C3	姃	1
U+006D11	洑	1
U+0060BB	悻	1
U+004F09	伉	1
U+0035D8	㗘	1
U+0035F1	㗱	1
U+00547F	呿	1
U+0061BA	憺	1
U+008586	薆	1
U+008B5F	譟	1
U+008B3F	謿	1
U+005E8C	庌	1
U+008107	脇	1
U+005F6B	彫	1
U+008619	蘙	1
U+007A0C	稌	1
U+00924F	鉏	1
U+009705	霅	1
U+007A7D	穽	1
U+009CEC	鳬	1
U+007FAE	羮	1
U+00841E	萞	1
U+0089DA	觚	1
U+006033	怳	1
U+00771A	眚	1
U+00522D	刭	1
